seqnames	start	end	width	strand	protein_id	tx_id	exon_id	exon_rank	cds_ok	protein_start	protein_end
1	237042522	237042569	48	+	ENSP00000355533	ENST00000366574	ENSE00001401585	1	TRUE	1	4967
1	237270497	237270616	120	+	ENSP00000355533	ENST00000366574	ENSE00003728105	2	TRUE	1	4967
1	237330878	237330982	105	+	ENSP00000355533	ENST00000366574	ENSE00002211141	3	TRUE	1	4967
1	237355965	237355985	21	+	ENSP00000355533	ENST00000366574	ENSE00004022506	4	TRUE	1	4967
1	237364358	237364372	15	+	ENSP00000355533	ENST00000366574	ENSE00004022517	5	TRUE	1	4967
1	237369534	237369608	75	+	ENSP00000355533	ENST00000366574	ENSE00001166352	6	TRUE	1	4967
1	237374717	237374795	79	+	ENSP00000355533	ENST00000366574	ENSE00001022826	7	TRUE	1	4967
1	237377323	237377435	113	+	ENSP00000355533	ENST00000366574	ENSE00001165714	8	TRUE	1	4967
1	237387281	237387380	100	+	ENSP00000355533	ENST00000366574	ENSE00001022773	9	TRUE	1	4967
1	237388087	237388183	97	+	ENSP00000355533	ENST00000366574	ENSE00001165710	10	TRUE	1	4967
1	237417049	237417123	75	+	ENSP00000355533	ENST00000366574	ENSE00001165706	11	TRUE	1	4967
1	237423092	237423248	157	+	ENSP00000355533	ENST00000366574	ENSE00001165701	12	TRUE	1	4967
1	237441319	237441483	165	+	ENSP00000355533	ENST00000366574	ENSE00001022775	13	TRUE	1	4967
1	237445401	237445522	122	+	ENSP00000355533	ENST00000366574	ENSE00001022777	14	TRUE	1	4967
1	237454391	237454574	184	+	ENSP00000355533	ENST00000366574	ENSE00001165694	15	TRUE	1	4967
1	237456600	237456735	136	+	ENSP00000355533	ENST00000366574	ENSE00001022824	16	TRUE	1	4967
1	237469092	237469187	96	+	ENSP00000355533	ENST00000366574	ENSE00001165690	17	TRUE	1	4967
1	237491806	237491924	119	+	ENSP00000355533	ENST00000366574	ENSE00001165684	18	TRUE	1	4967
1	237492954	237493087	134	+	ENSP00000355533	ENST00000366574	ENSE00001022769	19	TRUE	1	4967
1	237496511	237496752	242	+	ENSP00000355533	ENST00000366574	ENSE00001165676	20	TRUE	1	4967
1	237500711	237500903	193	+	ENSP00000355533	ENST00000366574	ENSE00001165670	21	TRUE	1	4967
1	237503289	237503505	217	+	ENSP00000355533	ENST00000366574	ENSE00001165664	22	TRUE	1	4967
1	237506710	237506814	105	+	ENSP00000355533	ENST00000366574	ENSE00001022774	23	TRUE	1	4967
1	237511688	237511791	104	+	ENSP00000355533	ENST00000366574	ENSE00001022814	24	TRUE	1	4967
1	237530427	237530510	84	+	ENSP00000355533	ENST00000366574	ENSE00001165655	25	TRUE	1	4967
1	237548431	237548590	160	+	ENSP00000355533	ENST00000366574	ENSE00001165645	26	TRUE	1	4967
1	237550544	237550691	148	+	ENSP00000355533	ENST00000366574	ENSE00000908141	27	TRUE	1	4967
1	237566567	237566775	209	+	ENSP00000355533	ENST00000366574	ENSE00001165758	28	TRUE	1	4967
1	237569145	237569319	175	+	ENSP00000355533	ENST00000366574	ENSE00000908143	29	TRUE	1	4967
1	237589793	237590001	209	+	ENSP00000355533	ENST00000366574	ENSE00001165629	30	TRUE	1	4967
1	237590640	237590992	353	+	ENSP00000355533	ENST00000366574	ENSE00001303582	31	TRUE	1	4967
1	237591739	237591853	115	+	ENSP00000355533	ENST00000366574	ENSE00001165618	32	TRUE	1	4967
1	237593476	237593636	161	+	ENSP00000355533	ENST00000366574	ENSE00001165611	33	TRUE	1	4967
1	237595498	237595657	160	+	ENSP00000355533	ENST00000366574	ENSE00001165606	34	TRUE	1	4967
1	237602025	237602111	87	+	ENSP00000355533	ENST00000366574	ENSE00000908149	35	TRUE	1	4967
1	237610762	237610988	227	+	ENSP00000355533	ENST00000366574	ENSE00000908150	36	TRUE	1	4967
1	237614039	237614843	805	+	ENSP00000355533	ENST00000366574	ENSE00001165599	37	TRUE	1	4967
1	237617286	237617486	201	+	ENSP00000355533	ENST00000366574	ENSE00000908152	38	TRUE	1	4967
1	237623765	237623870	106	+	ENSP00000355533	ENST00000366574	ENSE00001165786	39	TRUE	1	4967
1	237625661	237625804	144	+	ENSP00000355533	ENST00000366574	ENSE00001165593	40	TRUE	1	4967
1	237627807	237628080	274	+	ENSP00000355533	ENST00000366574	ENSE00001165779	41	TRUE	1	4967
1	237631427	237631541	115	+	ENSP00000355533	ENST00000366574	ENSE00002233717	42	TRUE	1	4967
1	237633578	237633710	133	+	ENSP00000355533	ENST00000366574	ENSE00000908157	43	TRUE	1	4967
1	237634889	237634992	104	+	ENSP00000355533	ENST00000366574	ENSE00001165574	44	TRUE	1	4967
1	237638357	237638492	136	+	ENSP00000355533	ENST00000366574	ENSE00000908159	45	TRUE	1	4967
1	237639015	237639201	187	+	ENSP00000355533	ENST00000366574	ENSE00001165569	46	TRUE	1	4967
1	237640897	237641002	106	+	ENSP00000355533	ENST00000366574	ENSE00001165561	47	TRUE	1	4967
1	237643327	237643447	121	+	ENSP00000355533	ENST00000366574	ENSE00000908162	48	TRUE	1	4967
1	237648444	237648613	170	+	ENSP00000355533	ENST00000366574	ENSE00001165554	49	TRUE	1	4967
1	237649877	237650097	221	+	ENSP00000355533	ENST00000366574	ENSE00000908164	50	TRUE	1	4967
1	237651411	237651501	91	+	ENSP00000355533	ENST00000366574	ENSE00001165545	51	TRUE	1	4967
1	237654274	237654414	141	+	ENSP00000355533	ENST00000366574	ENSE00000908166	52	TRUE	1	4967
1	237655821	237655984	164	+	ENSP00000355533	ENST00000366574	ENSE00000908167	53	TRUE	1	4967
1	237657944	237658022	79	+	ENSP00000355533	ENST00000366574	ENSE00001611202	54	TRUE	1	4967
1	237659985	237660074	90	+	ENSP00000355533	ENST00000366574	ENSE00000908169	55	TRUE	1	4967
1	237660810	237660947	138	+	ENSP00000355533	ENST00000366574	ENSE00000908170	56	TRUE	1	4967
1	237666512	237666589	78	+	ENSP00000355533	ENST00000366574	ENSE00000908171	57	TRUE	1	4967
1	237667883	237667958	76	+	ENSP00000355533	ENST00000366574	ENSE00000908172	58	TRUE	1	4967
1	237674096	237674219	124	+	ENSP00000355533	ENST00000366574	ENSE00001165528	59	TRUE	1	4967
1	237674731	237674846	116	+	ENSP00000355533	ENST00000366574	ENSE00001165519	60	TRUE	1	4967
1	237678048	237678112	65	+	ENSP00000355533	ENST00000366574	ENSE00001165512	61	TRUE	1	4967
1	237680456	237680577	122	+	ENSP00000355533	ENST00000366574	ENSE00003599358	62	TRUE	1	4967
1	237687455	237687504	50	+	ENSP00000355533	ENST00000366574	ENSE00001631808	63	TRUE	1	4967
1	237698965	237699025	61	+	ENSP00000355533	ENST00000366574	ENSE00003645048	64	TRUE	1	4967
1	237700229	237700467	239	+	ENSP00000355533	ENST00000366574	ENSE00003531557	65	TRUE	1	4967
1	237701978	237702059	82	+	ENSP00000355533	ENST00000366574	ENSE00001165474	66	TRUE	1	4967
1	237705213	237705343	131	+	ENSP00000355533	ENST00000366574	ENSE00001165465	67	TRUE	1	4967
1	237706949	237707269	321	+	ENSP00000355533	ENST00000366574	ENSE00003579451	68	TRUE	1	4967
1	237708858	237709098	241	+	ENSP00000355533	ENST00000366574	ENSE00003533727	69	TRUE	1	4967
1	237709480	237709567	88	+	ENSP00000355533	ENST00000366574	ENSE00003616334	70	TRUE	1	4967
1	237711745	237711837	93	+	ENSP00000355533	ENST00000366574	ENSE00003533550	71	TRUE	1	4967
1	237717198	237717368	171	+	ENSP00000355533	ENST00000366574	ENSE00003607820	72	TRUE	1	4967
1	237718462	237718521	60	+	ENSP00000355533	ENST00000366574	ENSE00003673763	73	TRUE	1	4967
1	237723128	237723262	135	+	ENSP00000355533	ENST00000366574	ENSE00003604153	74	TRUE	1	4967
1	237726273	237726308	36	+	ENSP00000355533	ENST00000366574	ENSE00003686434	75	TRUE	1	4967
1	237727087	237727199	113	+	ENSP00000355533	ENST00000366574	ENSE00003524890	76	TRUE	1	4967
1	237730260	237730356	97	+	ENSP00000355533	ENST00000366574	ENSE00003485861	77	TRUE	1	4967
1	237732046	237732149	104	+	ENSP00000355533	ENST00000366574	ENSE00003517487	78	TRUE	1	4967
1	237733705	237733756	52	+	ENSP00000355533	ENST00000366574	ENSE00003630461	79	TRUE	1	4967
1	237742296	237742349	54	+	ENSP00000355533	ENST00000366574	ENSE00003488686	80	TRUE	1	4967
1	237756288	237756387	100	+	ENSP00000355533	ENST00000366574	ENSE00003545364	81	TRUE	1	4967
1	237757697	237757776	80	+	ENSP00000355533	ENST00000366574	ENSE00003620408	82	TRUE	1	4967
1	237759776	237759852	77	+	ENSP00000355533	ENST00000366574	ENSE00003507227	83	TRUE	1	4967
1	237760955	237761028	74	+	ENSP00000355533	ENST00000366574	ENSE00003509423	84	TRUE	1	4967
1	237770807	237770887	81	+	ENSP00000355533	ENST00000366574	ENSE00003475557	85	TRUE	1	4967
1	237772012	237772100	89	+	ENSP00000355533	ENST00000366574	ENSE00003524981	86	TRUE	1	4967
1	237773520	237773648	129	+	ENSP00000355533	ENST00000366574	ENSE00003612583	87	TRUE	1	4967
1	237778666	237778770	105	+	ENSP00000355533	ENST00000366574	ENSE00003582754	88	TRUE	1	4967
1	237781565	237781646	82	+	ENSP00000355533	ENST00000366574	ENSE00003674190	89	TRUE	1	4967
1	237783675	237784972	1298	+	ENSP00000355533	ENST00000366574	ENSE00001329360	90	TRUE	1	4967
1	237785969	237786036	68	+	ENSP00000355533	ENST00000366574	ENSE00001165752	91	TRUE	1	4967
1	237787988	237788135	148	+	ENSP00000355533	ENST00000366574	ENSE00000908206	92	TRUE	1	4967
1	237791429	237791515	87	+	ENSP00000355533	ENST00000366574	ENSE00001308608	93	TRUE	1	4967
1	237792105	237792323	219	+	ENSP00000355533	ENST00000366574	ENSE00003518284	94	TRUE	1	4967
1	237793867	237793997	131	+	ENSP00000355533	ENST00000366574	ENSE00000908209	95	TRUE	1	4967
1	237795289	237795331	43	+	ENSP00000355533	ENST00000366574	ENSE00002242722	96	TRUE	1	4967
1	237798037	237798170	134	+	ENSP00000355533	ENST00000366574	ENSE00000908211	97	TRUE	1	4967
1	237801856	237801916	61	+	ENSP00000355533	ENST00000366574	ENSE00000908212	98	TRUE	1	4967
1	237806137	237806283	147	+	ENSP00000355533	ENST00000366574	ENSE00001604858	99	TRUE	1	4967
1	237808901	237809035	135	+	ENSP00000355533	ENST00000366574	ENSE00000908214	100	TRUE	1	4967
1	237819036	237819192	157	+	ENSP00000355533	ENST00000366574	ENSE00000908215	101	TRUE	1	4967
1	237828381	237828445	65	+	ENSP00000355533	ENST00000366574	ENSE00000908216	102	TRUE	1	4967
1	237830530	237830630	101	+	ENSP00000355533	ENST00000366574	ENSE00000908217	103	TRUE	1	4967
1	237831514	237831565	52	+	ENSP00000355533	ENST00000366574	ENSE00003557444	104	TRUE	1	4967
1	237832552	237832644	93	+	ENSP00000355533	ENST00000366574	ENSE00001422468	105	TRUE	1	4967
1	237042522	237042569	48	+	ENSP00000499659	ENST00000609119	ENSE00001401585	1	TRUE	1	2949
1	237270497	237270616	120	+	ENSP00000499659	ENST00000609119	ENSE00003728105	2	TRUE	1	2949
1	237330878	237330982	105	+	ENSP00000499659	ENST00000609119	ENSE00002211141	3	TRUE	1	2949
1	237355965	237355985	21	+	ENSP00000499659	ENST00000609119	ENSE00004022506	4	TRUE	1	2949
1	237364358	237364372	15	+	ENSP00000499659	ENST00000609119	ENSE00004022517	5	TRUE	1	2949
1	237369534	237369608	75	+	ENSP00000499659	ENST00000609119	ENSE00001166352	6	TRUE	1	2949
1	237374717	237374795	79	+	ENSP00000499659	ENST00000609119	ENSE00001022826	7	TRUE	1	2949
1	237377323	237377435	113	+	ENSP00000499659	ENST00000609119	ENSE00001165714	8	TRUE	1	2949
1	237387281	237387380	100	+	ENSP00000499659	ENST00000609119	ENSE00001022773	9	TRUE	1	2949
1	237388087	237388183	97	+	ENSP00000499659	ENST00000609119	ENSE00001165710	10	TRUE	1	2949
1	237417049	237417123	75	+	ENSP00000499659	ENST00000609119	ENSE00001165706	11	TRUE	1	2949
1	237423092	237423248	157	+	ENSP00000499659	ENST00000609119	ENSE00001165701	12	TRUE	1	2949
1	237441319	237441483	165	+	ENSP00000499659	ENST00000609119	ENSE00001022775	13	TRUE	1	2949
1	237445401	237445522	122	+	ENSP00000499659	ENST00000609119	ENSE00001022777	14	TRUE	1	2949
1	237454391	237454574	184	+	ENSP00000499659	ENST00000609119	ENSE00001165694	15	TRUE	1	2949
1	237456600	237456735	136	+	ENSP00000499659	ENST00000609119	ENSE00001022824	16	TRUE	1	2949
1	237469092	237469187	96	+	ENSP00000499659	ENST00000609119	ENSE00001165690	17	TRUE	1	2949
1	237491806	237491924	119	+	ENSP00000499659	ENST00000609119	ENSE00001165684	18	TRUE	1	2949
1	237492954	237493087	134	+	ENSP00000499659	ENST00000609119	ENSE00001022769	19	TRUE	1	2949
1	237496511	237496752	242	+	ENSP00000499659	ENST00000609119	ENSE00001165676	20	TRUE	1	2949
1	237500711	237500903	193	+	ENSP00000499659	ENST00000609119	ENSE00001165670	21	TRUE	1	2949
1	237503289	237503505	217	+	ENSP00000499659	ENST00000609119	ENSE00001165664	22	TRUE	1	2949
1	237506710	237506814	105	+	ENSP00000499659	ENST00000609119	ENSE00001022774	23	TRUE	1	2949
1	237511688	237511791	104	+	ENSP00000499659	ENST00000609119	ENSE00001022814	24	TRUE	1	2949
1	237530427	237530510	84	+	ENSP00000499659	ENST00000609119	ENSE00001165655	25	TRUE	1	2949
1	237548431	237548590	160	+	ENSP00000499659	ENST00000609119	ENSE00001165645	26	TRUE	1	2949
1	237550544	237550691	148	+	ENSP00000499659	ENST00000609119	ENSE00000908141	27	TRUE	1	2949
1	237566567	237566775	209	+	ENSP00000499659	ENST00000609119	ENSE00001165758	28	TRUE	1	2949
1	237569145	237569319	175	+	ENSP00000499659	ENST00000609119	ENSE00000908143	29	TRUE	1	2949
1	237589793	237590001	209	+	ENSP00000499659	ENST00000609119	ENSE00001165629	30	TRUE	1	2949
1	237590640	237590992	353	+	ENSP00000499659	ENST00000609119	ENSE00001303582	31	TRUE	1	2949
1	237591739	237591853	115	+	ENSP00000499659	ENST00000609119	ENSE00001165618	32	TRUE	1	2949
1	237593476	237593636	161	+	ENSP00000499659	ENST00000609119	ENSE00001165611	33	TRUE	1	2949
1	237595498	237595657	160	+	ENSP00000499659	ENST00000609119	ENSE00001165606	34	TRUE	1	2949
1	237602025	237602111	87	+	ENSP00000499659	ENST00000609119	ENSE00000908149	35	TRUE	1	2949
1	237610762	237610988	227	+	ENSP00000499659	ENST00000609119	ENSE00000908150	36	TRUE	1	2949
1	237614039	237614843	805	+	ENSP00000499659	ENST00000609119	ENSE00001165599	37	TRUE	1	2949
1	237617286	237617486	201	+	ENSP00000499659	ENST00000609119	ENSE00000908152	38	TRUE	1	2949
1	237623765	237623870	106	+	ENSP00000499659	ENST00000609119	ENSE00001165786	39	TRUE	1	2949
1	237625661	237625804	144	+	ENSP00000499659	ENST00000609119	ENSE00001165593	40	TRUE	1	2949
1	237627807	237628080	274	+	ENSP00000499659	ENST00000609119	ENSE00001165779	41	TRUE	1	2949
1	237631427	237631541	115	+	ENSP00000499659	ENST00000609119	ENSE00002233717	42	TRUE	1	2949
1	237633578	237633710	133	+	ENSP00000499659	ENST00000609119	ENSE00000908157	43	TRUE	1	2949
1	237634889	237634992	104	+	ENSP00000499659	ENST00000609119	ENSE00001165574	44	TRUE	1	2949
1	237638357	237638492	136	+	ENSP00000499659	ENST00000609119	ENSE00000908159	45	TRUE	1	2949
1	237639015	237639201	187	+	ENSP00000499659	ENST00000609119	ENSE00001165569	46	TRUE	1	2949
1	237640897	237641002	106	+	ENSP00000499659	ENST00000609119	ENSE00001165561	47	TRUE	1	2949
1	237643327	237643447	121	+	ENSP00000499659	ENST00000609119	ENSE00000908162	48	TRUE	1	2949
1	237648444	237648613	170	+	ENSP00000499659	ENST00000609119	ENSE00001165554	49	TRUE	1	2949
1	237649877	237650097	221	+	ENSP00000499659	ENST00000609119	ENSE00000908164	50	TRUE	1	2949
1	237651411	237651501	91	+	ENSP00000499659	ENST00000609119	ENSE00001165545	51	TRUE	1	2949
1	237654274	237654414	141	+	ENSP00000499659	ENST00000609119	ENSE00000908166	52	TRUE	1	2949
1	237655821	237655984	164	+	ENSP00000499659	ENST00000609119	ENSE00000908167	53	TRUE	1	2949
1	237657944	237658022	79	+	ENSP00000499659	ENST00000609119	ENSE00001611202	54	TRUE	1	2949
1	237659985	237660074	90	+	ENSP00000499659	ENST00000609119	ENSE00000908169	55	TRUE	1	2949
1	237660810	237660947	138	+	ENSP00000499659	ENST00000609119	ENSE00000908170	56	TRUE	1	2949
1	237666512	237666589	78	+	ENSP00000499659	ENST00000609119	ENSE00000908171	57	TRUE	1	2949
1	237667883	237667958	76	+	ENSP00000499659	ENST00000609119	ENSE00000908172	58	TRUE	1	2949
1	237674096	237674219	124	+	ENSP00000499659	ENST00000609119	ENSE00001165528	59	TRUE	1	2949
1	237674731	237674846	116	+	ENSP00000499659	ENST00000609119	ENSE00001165519	60	TRUE	1	2949
1	237680456	237680472	17	+	ENSP00000499659	ENST00000609119	ENSE00003708196	61	TRUE	1	2949
1	237042522	237042569	48	+	ENSP00000499653	ENST00000659194	ENSE00001401585	1	TRUE	1	4961
1	237270497	237270616	120	+	ENSP00000499653	ENST00000659194	ENSE00003728105	2	TRUE	1	4961
1	237330878	237330982	105	+	ENSP00000499653	ENST00000659194	ENSE00002211141	3	TRUE	1	4961
1	237355965	237355985	21	+	ENSP00000499653	ENST00000659194	ENSE00004022506	4	TRUE	1	4961
1	237364358	237364372	15	+	ENSP00000499653	ENST00000659194	ENSE00004022517	5	TRUE	1	4961
1	237369534	237369608	75	+	ENSP00000499653	ENST00000659194	ENSE00001166352	6	TRUE	1	4961
1	237374717	237374795	79	+	ENSP00000499653	ENST00000659194	ENSE00001022826	7	TRUE	1	4961
1	237377323	237377435	113	+	ENSP00000499653	ENST00000659194	ENSE00001165714	8	TRUE	1	4961
1	237387281	237387380	100	+	ENSP00000499653	ENST00000659194	ENSE00001022773	9	TRUE	1	4961
1	237388087	237388183	97	+	ENSP00000499653	ENST00000659194	ENSE00001165710	10	TRUE	1	4961
1	237417049	237417123	75	+	ENSP00000499653	ENST00000659194	ENSE00001165706	11	TRUE	1	4961
1	237423092	237423248	157	+	ENSP00000499653	ENST00000659194	ENSE00001165701	12	TRUE	1	4961
1	237441319	237441483	165	+	ENSP00000499653	ENST00000659194	ENSE00001022775	13	TRUE	1	4961
1	237445401	237445522	122	+	ENSP00000499653	ENST00000659194	ENSE00001022777	14	TRUE	1	4961
1	237454391	237454574	184	+	ENSP00000499653	ENST00000659194	ENSE00001165694	15	TRUE	1	4961
1	237456600	237456735	136	+	ENSP00000499653	ENST00000659194	ENSE00001022824	16	TRUE	1	4961
1	237469092	237469187	96	+	ENSP00000499653	ENST00000659194	ENSE00001165690	17	TRUE	1	4961
1	237491806	237491924	119	+	ENSP00000499653	ENST00000659194	ENSE00001165684	18	TRUE	1	4961
1	237492954	237493087	134	+	ENSP00000499653	ENST00000659194	ENSE00001022769	19	TRUE	1	4961
1	237496511	237496752	242	+	ENSP00000499653	ENST00000659194	ENSE00001165676	20	TRUE	1	4961
1	237500711	237500903	193	+	ENSP00000499653	ENST00000659194	ENSE00001165670	21	TRUE	1	4961
1	237503289	237503505	217	+	ENSP00000499653	ENST00000659194	ENSE00001165664	22	TRUE	1	4961
1	237506710	237506814	105	+	ENSP00000499653	ENST00000659194	ENSE00001022774	23	TRUE	1	4961
1	237511688	237511791	104	+	ENSP00000499653	ENST00000659194	ENSE00001022814	24	TRUE	1	4961
1	237530427	237530510	84	+	ENSP00000499653	ENST00000659194	ENSE00001165655	25	TRUE	1	4961
1	237548431	237548590	160	+	ENSP00000499653	ENST00000659194	ENSE00001165645	26	TRUE	1	4961
1	237550544	237550691	148	+	ENSP00000499653	ENST00000659194	ENSE00000908141	27	TRUE	1	4961
1	237566567	237566775	209	+	ENSP00000499653	ENST00000659194	ENSE00001165758	28	TRUE	1	4961
1	237569145	237569319	175	+	ENSP00000499653	ENST00000659194	ENSE00000908143	29	TRUE	1	4961
1	237589793	237590001	209	+	ENSP00000499653	ENST00000659194	ENSE00001165629	30	TRUE	1	4961
1	237590640	237590992	353	+	ENSP00000499653	ENST00000659194	ENSE00001303582	31	TRUE	1	4961
1	237591739	237591853	115	+	ENSP00000499653	ENST00000659194	ENSE00001165618	32	TRUE	1	4961
1	237593476	237593636	161	+	ENSP00000499653	ENST00000659194	ENSE00001165611	33	TRUE	1	4961
1	237595498	237595657	160	+	ENSP00000499653	ENST00000659194	ENSE00001165606	34	TRUE	1	4961
1	237602025	237602111	87	+	ENSP00000499653	ENST00000659194	ENSE00000908149	35	TRUE	1	4961
1	237610762	237610988	227	+	ENSP00000499653	ENST00000659194	ENSE00000908150	36	TRUE	1	4961
1	237614039	237614843	805	+	ENSP00000499653	ENST00000659194	ENSE00001165599	37	TRUE	1	4961
1	237617286	237617486	201	+	ENSP00000499653	ENST00000659194	ENSE00000908152	38	TRUE	1	4961
1	237623765	237623870	106	+	ENSP00000499653	ENST00000659194	ENSE00001165786	39	TRUE	1	4961
1	237625661	237625804	144	+	ENSP00000499653	ENST00000659194	ENSE00001165593	40	TRUE	1	4961
1	237627807	237628080	274	+	ENSP00000499653	ENST00000659194	ENSE00001165779	41	TRUE	1	4961
1	237631427	237631541	115	+	ENSP00000499653	ENST00000659194	ENSE00002233717	42	TRUE	1	4961
1	237633578	237633710	133	+	ENSP00000499653	ENST00000659194	ENSE00000908157	43	TRUE	1	4961
1	237634889	237634992	104	+	ENSP00000499653	ENST00000659194	ENSE00001165574	44	TRUE	1	4961
1	237638357	237638492	136	+	ENSP00000499653	ENST00000659194	ENSE00000908159	45	TRUE	1	4961
1	237639015	237639201	187	+	ENSP00000499653	ENST00000659194	ENSE00001165569	46	TRUE	1	4961
1	237640897	237641002	106	+	ENSP00000499653	ENST00000659194	ENSE00001165561	47	TRUE	1	4961
1	237643327	237643447	121	+	ENSP00000499653	ENST00000659194	ENSE00000908162	48	TRUE	1	4961
1	237648444	237648613	170	+	ENSP00000499653	ENST00000659194	ENSE00001165554	49	TRUE	1	4961
1	237649877	237650097	221	+	ENSP00000499653	ENST00000659194	ENSE00000908164	50	TRUE	1	4961
1	237651411	237651501	91	+	ENSP00000499653	ENST00000659194	ENSE00001165545	51	TRUE	1	4961
1	237654274	237654414	141	+	ENSP00000499653	ENST00000659194	ENSE00000908166	52	TRUE	1	4961
1	237655821	237655984	164	+	ENSP00000499653	ENST00000659194	ENSE00000908167	53	TRUE	1	4961
1	237657944	237658022	79	+	ENSP00000499653	ENST00000659194	ENSE00001611202	54	TRUE	1	4961
1	237659985	237660074	90	+	ENSP00000499653	ENST00000659194	ENSE00000908169	55	TRUE	1	4961
1	237660810	237660947	138	+	ENSP00000499653	ENST00000659194	ENSE00000908170	56	TRUE	1	4961
1	237666512	237666589	78	+	ENSP00000499653	ENST00000659194	ENSE00000908171	57	TRUE	1	4961
1	237667883	237667958	76	+	ENSP00000499653	ENST00000659194	ENSE00000908172	58	TRUE	1	4961
1	237674096	237674219	124	+	ENSP00000499653	ENST00000659194	ENSE00001165528	59	TRUE	1	4961
1	237674731	237674846	116	+	ENSP00000499653	ENST00000659194	ENSE00001165519	60	TRUE	1	4961
1	237678048	237678112	65	+	ENSP00000499653	ENST00000659194	ENSE00001165512	61	TRUE	1	4961
1	237680456	237680577	122	+	ENSP00000499653	ENST00000659194	ENSE00003599358	62	TRUE	1	4961
1	237687455	237687504	50	+	ENSP00000499653	ENST00000659194	ENSE00001631808	63	TRUE	1	4961
1	237698965	237699025	61	+	ENSP00000499653	ENST00000659194	ENSE00003645048	64	TRUE	1	4961
1	237700229	237700467	239	+	ENSP00000499653	ENST00000659194	ENSE00003531557	65	TRUE	1	4961
1	237701978	237702059	82	+	ENSP00000499653	ENST00000659194	ENSE00001165474	66	TRUE	1	4961
1	237705213	237705343	131	+	ENSP00000499653	ENST00000659194	ENSE00001165465	67	TRUE	1	4961
1	237706949	237707269	321	+	ENSP00000499653	ENST00000659194	ENSE00003579451	68	TRUE	1	4961
1	237708858	237709098	241	+	ENSP00000499653	ENST00000659194	ENSE00003533727	69	TRUE	1	4961
1	237709480	237709567	88	+	ENSP00000499653	ENST00000659194	ENSE00003616334	70	TRUE	1	4961
1	237711745	237711837	93	+	ENSP00000499653	ENST00000659194	ENSE00003533550	71	TRUE	1	4961
1	237717198	237717368	171	+	ENSP00000499653	ENST00000659194	ENSE00003607820	72	TRUE	1	4961
1	237718462	237718521	60	+	ENSP00000499653	ENST00000659194	ENSE00003673763	73	TRUE	1	4961
1	237723128	237723262	135	+	ENSP00000499653	ENST00000659194	ENSE00003604153	74	TRUE	1	4961
1	237727087	237727199	113	+	ENSP00000499653	ENST00000659194	ENSE00003524890	75	TRUE	1	4961
1	237730260	237730356	97	+	ENSP00000499653	ENST00000659194	ENSE00003485861	76	TRUE	1	4961
1	237732046	237732149	104	+	ENSP00000499653	ENST00000659194	ENSE00003517487	77	TRUE	1	4961
1	237733705	237733756	52	+	ENSP00000499653	ENST00000659194	ENSE00003630461	78	TRUE	1	4961
1	237742296	237742349	54	+	ENSP00000499653	ENST00000659194	ENSE00003488686	79	TRUE	1	4961
1	237743600	237743623	24	+	ENSP00000499653	ENST00000659194	ENSE00003867396	80	TRUE	1	4961
1	237756288	237756387	100	+	ENSP00000499653	ENST00000659194	ENSE00003545364	81	TRUE	1	4961
1	237757697	237757776	80	+	ENSP00000499653	ENST00000659194	ENSE00003620408	82	TRUE	1	4961
1	237759776	237759852	77	+	ENSP00000499653	ENST00000659194	ENSE00003507227	83	TRUE	1	4961
1	237760955	237761028	74	+	ENSP00000499653	ENST00000659194	ENSE00003509423	84	TRUE	1	4961
1	237770807	237770887	81	+	ENSP00000499653	ENST00000659194	ENSE00003475557	85	TRUE	1	4961
1	237772012	237772100	89	+	ENSP00000499653	ENST00000659194	ENSE00003524981	86	TRUE	1	4961
1	237773520	237773648	129	+	ENSP00000499653	ENST00000659194	ENSE00003612583	87	TRUE	1	4961
1	237778666	237778770	105	+	ENSP00000499653	ENST00000659194	ENSE00003582754	88	TRUE	1	4961
1	237781565	237781646	82	+	ENSP00000499653	ENST00000659194	ENSE00003674190	89	TRUE	1	4961
1	237783675	237784972	1298	+	ENSP00000499653	ENST00000659194	ENSE00001329360	90	TRUE	1	4961
1	237785975	237786036	62	+	ENSP00000499653	ENST00000659194	ENSE00003993564	91	TRUE	1	4961
1	237787988	237788135	148	+	ENSP00000499653	ENST00000659194	ENSE00000908206	92	TRUE	1	4961
1	237791429	237791515	87	+	ENSP00000499653	ENST00000659194	ENSE00001308608	93	TRUE	1	4961
1	237792105	237792323	219	+	ENSP00000499653	ENST00000659194	ENSE00003518284	94	TRUE	1	4961
1	237793867	237793997	131	+	ENSP00000499653	ENST00000659194	ENSE00000908209	95	TRUE	1	4961
1	237795289	237795331	43	+	ENSP00000499653	ENST00000659194	ENSE00002242722	96	TRUE	1	4961
1	237798037	237798170	134	+	ENSP00000499653	ENST00000659194	ENSE00000908211	97	TRUE	1	4961
1	237801856	237801916	61	+	ENSP00000499653	ENST00000659194	ENSE00000908212	98	TRUE	1	4961
1	237806137	237806283	147	+	ENSP00000499653	ENST00000659194	ENSE00001604858	99	TRUE	1	4961
1	237808901	237809035	135	+	ENSP00000499653	ENST00000659194	ENSE00000908214	100	TRUE	1	4961
1	237819036	237819192	157	+	ENSP00000499653	ENST00000659194	ENSE00000908215	101	TRUE	1	4961
1	237828381	237828445	65	+	ENSP00000499653	ENST00000659194	ENSE00000908216	102	TRUE	1	4961
1	237830530	237830630	101	+	ENSP00000499653	ENST00000659194	ENSE00000908217	103	TRUE	1	4961
1	237831514	237831565	52	+	ENSP00000499653	ENST00000659194	ENSE00003557444	104	TRUE	1	4961
1	237832552	237832644	93	+	ENSP00000499653	ENST00000659194	ENSE00001422468	105	TRUE	1	4961
1	237042522	237042569	48	+	ENSP00000499787	ENST00000660292	ENSE00001401585	1	TRUE	1	4974
1	237270497	237270616	120	+	ENSP00000499787	ENST00000660292	ENSE00003728105	2	TRUE	1	4974
1	237330878	237330982	105	+	ENSP00000499787	ENST00000660292	ENSE00002211141	3	TRUE	1	4974
1	237355965	237355985	21	+	ENSP00000499787	ENST00000660292	ENSE00004022506	4	TRUE	1	4974
1	237364358	237364372	15	+	ENSP00000499787	ENST00000660292	ENSE00004022517	5	TRUE	1	4974
1	237369534	237369608	75	+	ENSP00000499787	ENST00000660292	ENSE00001166352	6	TRUE	1	4974
1	237374717	237374795	79	+	ENSP00000499787	ENST00000660292	ENSE00001022826	7	TRUE	1	4974
1	237377323	237377435	113	+	ENSP00000499787	ENST00000660292	ENSE00001165714	8	TRUE	1	4974
1	237387281	237387380	100	+	ENSP00000499787	ENST00000660292	ENSE00001022773	9	TRUE	1	4974
1	237388087	237388183	97	+	ENSP00000499787	ENST00000660292	ENSE00001165710	10	TRUE	1	4974
1	237417049	237417123	75	+	ENSP00000499787	ENST00000660292	ENSE00001165706	11	TRUE	1	4974
1	237423092	237423248	157	+	ENSP00000499787	ENST00000660292	ENSE00001165701	12	TRUE	1	4974
1	237441319	237441483	165	+	ENSP00000499787	ENST00000660292	ENSE00001022775	13	TRUE	1	4974
1	237445401	237445522	122	+	ENSP00000499787	ENST00000660292	ENSE00001022777	14	TRUE	1	4974
1	237454391	237454574	184	+	ENSP00000499787	ENST00000660292	ENSE00001165694	15	TRUE	1	4974
1	237456600	237456735	136	+	ENSP00000499787	ENST00000660292	ENSE00001022824	16	TRUE	1	4974
1	237469092	237469187	96	+	ENSP00000499787	ENST00000660292	ENSE00001165690	17	TRUE	1	4974
1	237491806	237491924	119	+	ENSP00000499787	ENST00000660292	ENSE00001165684	18	TRUE	1	4974
1	237492954	237493087	134	+	ENSP00000499787	ENST00000660292	ENSE00001022769	19	TRUE	1	4974
1	237496511	237496752	242	+	ENSP00000499787	ENST00000660292	ENSE00001165676	20	TRUE	1	4974
1	237500711	237500903	193	+	ENSP00000499787	ENST00000660292	ENSE00001165670	21	TRUE	1	4974
1	237503289	237503505	217	+	ENSP00000499787	ENST00000660292	ENSE00001165664	22	TRUE	1	4974
1	237506710	237506814	105	+	ENSP00000499787	ENST00000660292	ENSE00001022774	23	TRUE	1	4974
1	237511688	237511791	104	+	ENSP00000499787	ENST00000660292	ENSE00001022814	24	TRUE	1	4974
1	237530427	237530510	84	+	ENSP00000499787	ENST00000660292	ENSE00001165655	25	TRUE	1	4974
1	237548431	237548590	160	+	ENSP00000499787	ENST00000660292	ENSE00001165645	26	TRUE	1	4974
1	237550544	237550691	148	+	ENSP00000499787	ENST00000660292	ENSE00000908141	27	TRUE	1	4974
1	237566567	237566775	209	+	ENSP00000499787	ENST00000660292	ENSE00001165758	28	TRUE	1	4974
1	237569145	237569319	175	+	ENSP00000499787	ENST00000660292	ENSE00000908143	29	TRUE	1	4974
1	237589793	237590001	209	+	ENSP00000499787	ENST00000660292	ENSE00001165629	30	TRUE	1	4974
1	237590640	237590992	353	+	ENSP00000499787	ENST00000660292	ENSE00001303582	31	TRUE	1	4974
1	237591739	237591853	115	+	ENSP00000499787	ENST00000660292	ENSE00001165618	32	TRUE	1	4974
1	237593476	237593636	161	+	ENSP00000499787	ENST00000660292	ENSE00001165611	33	TRUE	1	4974
1	237595498	237595657	160	+	ENSP00000499787	ENST00000660292	ENSE00001165606	34	TRUE	1	4974
1	237602025	237602111	87	+	ENSP00000499787	ENST00000660292	ENSE00000908149	35	TRUE	1	4974
1	237610762	237610988	227	+	ENSP00000499787	ENST00000660292	ENSE00000908150	36	TRUE	1	4974
1	237614039	237614843	805	+	ENSP00000499787	ENST00000660292	ENSE00001165599	37	TRUE	1	4974
1	237617286	237617486	201	+	ENSP00000499787	ENST00000660292	ENSE00000908152	38	TRUE	1	4974
1	237623765	237623870	106	+	ENSP00000499787	ENST00000660292	ENSE00001165786	39	TRUE	1	4974
1	237625661	237625804	144	+	ENSP00000499787	ENST00000660292	ENSE00001165593	40	TRUE	1	4974
1	237627807	237628080	274	+	ENSP00000499787	ENST00000660292	ENSE00001165779	41	TRUE	1	4974
1	237631427	237631541	115	+	ENSP00000499787	ENST00000660292	ENSE00002233717	42	TRUE	1	4974
1	237633578	237633710	133	+	ENSP00000499787	ENST00000660292	ENSE00000908157	43	TRUE	1	4974
1	237634889	237634992	104	+	ENSP00000499787	ENST00000660292	ENSE00001165574	44	TRUE	1	4974
1	237638357	237638492	136	+	ENSP00000499787	ENST00000660292	ENSE00000908159	45	TRUE	1	4974
1	237639015	237639201	187	+	ENSP00000499787	ENST00000660292	ENSE00001165569	46	TRUE	1	4974
1	237640897	237641002	106	+	ENSP00000499787	ENST00000660292	ENSE00001165561	47	TRUE	1	4974
1	237643327	237643447	121	+	ENSP00000499787	ENST00000660292	ENSE00000908162	48	TRUE	1	4974
1	237648444	237648613	170	+	ENSP00000499787	ENST00000660292	ENSE00001165554	49	TRUE	1	4974
1	237649877	237650097	221	+	ENSP00000499787	ENST00000660292	ENSE00000908164	50	TRUE	1	4974
1	237651411	237651501	91	+	ENSP00000499787	ENST00000660292	ENSE00001165545	51	TRUE	1	4974
1	237654274	237654414	141	+	ENSP00000499787	ENST00000660292	ENSE00000908166	52	TRUE	1	4974
1	237655821	237655984	164	+	ENSP00000499787	ENST00000660292	ENSE00000908167	53	TRUE	1	4974
1	237657944	237658022	79	+	ENSP00000499787	ENST00000660292	ENSE00001611202	54	TRUE	1	4974
1	237659985	237660074	90	+	ENSP00000499787	ENST00000660292	ENSE00000908169	55	TRUE	1	4974
1	237660810	237660947	138	+	ENSP00000499787	ENST00000660292	ENSE00000908170	56	TRUE	1	4974
1	237666512	237666589	78	+	ENSP00000499787	ENST00000660292	ENSE00000908171	57	TRUE	1	4974
1	237667883	237667958	76	+	ENSP00000499787	ENST00000660292	ENSE00000908172	58	TRUE	1	4974
1	237674096	237674219	124	+	ENSP00000499787	ENST00000660292	ENSE00001165528	59	TRUE	1	4974
1	237674731	237674846	116	+	ENSP00000499787	ENST00000660292	ENSE00001165519	60	TRUE	1	4974
1	237678048	237678112	65	+	ENSP00000499787	ENST00000660292	ENSE00001165512	61	TRUE	1	4974
1	237680456	237680577	122	+	ENSP00000499787	ENST00000660292	ENSE00003599358	62	TRUE	1	4974
1	237687455	237687504	50	+	ENSP00000499787	ENST00000660292	ENSE00001631808	63	TRUE	1	4974
1	237698965	237699025	61	+	ENSP00000499787	ENST00000660292	ENSE00003645048	64	TRUE	1	4974
1	237700229	237700467	239	+	ENSP00000499787	ENST00000660292	ENSE00003531557	65	TRUE	1	4974
1	237701978	237702059	82	+	ENSP00000499787	ENST00000660292	ENSE00001165474	66	TRUE	1	4974
1	237705213	237705343	131	+	ENSP00000499787	ENST00000660292	ENSE00001165465	67	TRUE	1	4974
1	237706949	237707269	321	+	ENSP00000499787	ENST00000660292	ENSE00003579451	68	TRUE	1	4974
1	237708858	237709098	241	+	ENSP00000499787	ENST00000660292	ENSE00003533727	69	TRUE	1	4974
1	237709480	237709567	88	+	ENSP00000499787	ENST00000660292	ENSE00003616334	70	TRUE	1	4974
1	237711745	237711837	93	+	ENSP00000499787	ENST00000660292	ENSE00003533550	71	TRUE	1	4974
1	237717198	237717368	171	+	ENSP00000499787	ENST00000660292	ENSE00003607820	72	TRUE	1	4974
1	237718462	237718521	60	+	ENSP00000499787	ENST00000660292	ENSE00003673763	73	TRUE	1	4974
1	237723128	237723262	135	+	ENSP00000499787	ENST00000660292	ENSE00003604153	74	TRUE	1	4974
1	237727087	237727199	113	+	ENSP00000499787	ENST00000660292	ENSE00003524890	75	TRUE	1	4974
1	237730260	237730356	97	+	ENSP00000499787	ENST00000660292	ENSE00003485861	76	TRUE	1	4974
1	237732046	237732149	104	+	ENSP00000499787	ENST00000660292	ENSE00003517487	77	TRUE	1	4974
1	237733705	237733756	52	+	ENSP00000499787	ENST00000660292	ENSE00003630461	78	TRUE	1	4974
1	237742296	237742349	54	+	ENSP00000499787	ENST00000660292	ENSE00003488686	79	TRUE	1	4974
1	237743600	237743623	24	+	ENSP00000499787	ENST00000660292	ENSE00003867396	80	TRUE	1	4974
1	237756288	237756387	100	+	ENSP00000499787	ENST00000660292	ENSE00003545364	81	TRUE	1	4974
1	237757697	237757776	80	+	ENSP00000499787	ENST00000660292	ENSE00003620408	82	TRUE	1	4974
1	237759776	237759852	77	+	ENSP00000499787	ENST00000660292	ENSE00003507227	83	TRUE	1	4974
1	237760955	237761028	74	+	ENSP00000499787	ENST00000660292	ENSE00003509423	84	TRUE	1	4974
1	237769587	237769619	33	+	ENSP00000499787	ENST00000660292	ENSE00003876172	85	TRUE	1	4974
1	237770807	237770887	81	+	ENSP00000499787	ENST00000660292	ENSE00003475557	86	TRUE	1	4974
1	237772012	237772100	89	+	ENSP00000499787	ENST00000660292	ENSE00003524981	87	TRUE	1	4974
1	237773520	237773648	129	+	ENSP00000499787	ENST00000660292	ENSE00003612583	88	TRUE	1	4974
1	237778666	237778770	105	+	ENSP00000499787	ENST00000660292	ENSE00003582754	89	TRUE	1	4974
1	237781565	237781646	82	+	ENSP00000499787	ENST00000660292	ENSE00003674190	90	TRUE	1	4974
1	237783675	237784972	1298	+	ENSP00000499787	ENST00000660292	ENSE00001329360	91	TRUE	1	4974
1	237785969	237786036	68	+	ENSP00000499787	ENST00000660292	ENSE00001165752	92	TRUE	1	4974
1	237787988	237788135	148	+	ENSP00000499787	ENST00000660292	ENSE00000908206	93	TRUE	1	4974
1	237791429	237791515	87	+	ENSP00000499787	ENST00000660292	ENSE00001308608	94	TRUE	1	4974
1	237792105	237792323	219	+	ENSP00000499787	ENST00000660292	ENSE00003518284	95	TRUE	1	4974
1	237793867	237793997	131	+	ENSP00000499787	ENST00000660292	ENSE00000908209	96	TRUE	1	4974
1	237795289	237795331	43	+	ENSP00000499787	ENST00000660292	ENSE00002242722	97	TRUE	1	4974
1	237798037	237798170	134	+	ENSP00000499787	ENST00000660292	ENSE00000908211	98	TRUE	1	4974
1	237801856	237801916	61	+	ENSP00000499787	ENST00000660292	ENSE00000908212	99	TRUE	1	4974
1	237806137	237806283	147	+	ENSP00000499787	ENST00000660292	ENSE00001604858	100	TRUE	1	4974
1	237808901	237809035	135	+	ENSP00000499787	ENST00000660292	ENSE00000908214	101	TRUE	1	4974
1	237819036	237819192	157	+	ENSP00000499787	ENST00000660292	ENSE00000908215	102	TRUE	1	4974
1	237828381	237828445	65	+	ENSP00000499787	ENST00000660292	ENSE00000908216	103	TRUE	1	4974
1	237830530	237830630	101	+	ENSP00000499787	ENST00000660292	ENSE00000908217	104	TRUE	1	4974
1	237831514	237831565	52	+	ENSP00000499787	ENST00000660292	ENSE00003557444	105	TRUE	1	4974
1	237832552	237832644	93	+	ENSP00000499787	ENST00000660292	ENSE00001422468	106	TRUE	1	4974
1	237042522	237042569	48	+	ENSP00000499393	ENST00000661330	ENSE00001401585	1	TRUE	1	4973
1	237270497	237270616	120	+	ENSP00000499393	ENST00000661330	ENSE00003728105	2	TRUE	1	4973
1	237330878	237330982	105	+	ENSP00000499393	ENST00000661330	ENSE00002211141	3	TRUE	1	4973
1	237355965	237355985	21	+	ENSP00000499393	ENST00000661330	ENSE00004022506	4	TRUE	1	4973
1	237364358	237364372	15	+	ENSP00000499393	ENST00000661330	ENSE00004022517	5	TRUE	1	4973
1	237369534	237369608	75	+	ENSP00000499393	ENST00000661330	ENSE00001166352	6	TRUE	1	4973
1	237374717	237374795	79	+	ENSP00000499393	ENST00000661330	ENSE00001022826	7	TRUE	1	4973
1	237377323	237377435	113	+	ENSP00000499393	ENST00000661330	ENSE00001165714	8	TRUE	1	4973
1	237387281	237387380	100	+	ENSP00000499393	ENST00000661330	ENSE00001022773	9	TRUE	1	4973
1	237388087	237388183	97	+	ENSP00000499393	ENST00000661330	ENSE00001165710	10	TRUE	1	4973
1	237417049	237417123	75	+	ENSP00000499393	ENST00000661330	ENSE00001165706	11	TRUE	1	4973
1	237423092	237423248	157	+	ENSP00000499393	ENST00000661330	ENSE00001165701	12	TRUE	1	4973
1	237441319	237441483	165	+	ENSP00000499393	ENST00000661330	ENSE00001022775	13	TRUE	1	4973
1	237445401	237445522	122	+	ENSP00000499393	ENST00000661330	ENSE00001022777	14	TRUE	1	4973
1	237454391	237454574	184	+	ENSP00000499393	ENST00000661330	ENSE00001165694	15	TRUE	1	4973
1	237456600	237456735	136	+	ENSP00000499393	ENST00000661330	ENSE00001022824	16	TRUE	1	4973
1	237469092	237469187	96	+	ENSP00000499393	ENST00000661330	ENSE00001165690	17	TRUE	1	4973
1	237491806	237491924	119	+	ENSP00000499393	ENST00000661330	ENSE00001165684	18	TRUE	1	4973
1	237492954	237493087	134	+	ENSP00000499393	ENST00000661330	ENSE00001022769	19	TRUE	1	4973
1	237496511	237496752	242	+	ENSP00000499393	ENST00000661330	ENSE00001165676	20	TRUE	1	4973
1	237500711	237500903	193	+	ENSP00000499393	ENST00000661330	ENSE00001165670	21	TRUE	1	4973
1	237503289	237503505	217	+	ENSP00000499393	ENST00000661330	ENSE00001165664	22	TRUE	1	4973
1	237506710	237506814	105	+	ENSP00000499393	ENST00000661330	ENSE00001022774	23	TRUE	1	4973
1	237511688	237511791	104	+	ENSP00000499393	ENST00000661330	ENSE00001022814	24	TRUE	1	4973
1	237530427	237530510	84	+	ENSP00000499393	ENST00000661330	ENSE00001165655	25	TRUE	1	4973
1	237548431	237548590	160	+	ENSP00000499393	ENST00000661330	ENSE00001165645	26	TRUE	1	4973
1	237550544	237550691	148	+	ENSP00000499393	ENST00000661330	ENSE00000908141	27	TRUE	1	4973
1	237566567	237566775	209	+	ENSP00000499393	ENST00000661330	ENSE00001165758	28	TRUE	1	4973
1	237569145	237569319	175	+	ENSP00000499393	ENST00000661330	ENSE00000908143	29	TRUE	1	4973
1	237589793	237590001	209	+	ENSP00000499393	ENST00000661330	ENSE00001165629	30	TRUE	1	4973
1	237590640	237590992	353	+	ENSP00000499393	ENST00000661330	ENSE00001303582	31	TRUE	1	4973
1	237591739	237591853	115	+	ENSP00000499393	ENST00000661330	ENSE00001165618	32	TRUE	1	4973
1	237593476	237593636	161	+	ENSP00000499393	ENST00000661330	ENSE00001165611	33	TRUE	1	4973
1	237595498	237595657	160	+	ENSP00000499393	ENST00000661330	ENSE00001165606	34	TRUE	1	4973
1	237602025	237602111	87	+	ENSP00000499393	ENST00000661330	ENSE00000908149	35	TRUE	1	4973
1	237610762	237610988	227	+	ENSP00000499393	ENST00000661330	ENSE00000908150	36	TRUE	1	4973
1	237614039	237614843	805	+	ENSP00000499393	ENST00000661330	ENSE00001165599	37	TRUE	1	4973
1	237617286	237617486	201	+	ENSP00000499393	ENST00000661330	ENSE00000908152	38	TRUE	1	4973
1	237623765	237623870	106	+	ENSP00000499393	ENST00000661330	ENSE00001165786	39	TRUE	1	4973
1	237625661	237625804	144	+	ENSP00000499393	ENST00000661330	ENSE00001165593	40	TRUE	1	4973
1	237627807	237628080	274	+	ENSP00000499393	ENST00000661330	ENSE00001165779	41	TRUE	1	4973
1	237631427	237631541	115	+	ENSP00000499393	ENST00000661330	ENSE00002233717	42	TRUE	1	4973
1	237633578	237633710	133	+	ENSP00000499393	ENST00000661330	ENSE00000908157	43	TRUE	1	4973
1	237634889	237634992	104	+	ENSP00000499393	ENST00000661330	ENSE00001165574	44	TRUE	1	4973
1	237638357	237638492	136	+	ENSP00000499393	ENST00000661330	ENSE00000908159	45	TRUE	1	4973
1	237639015	237639201	187	+	ENSP00000499393	ENST00000661330	ENSE00001165569	46	TRUE	1	4973
1	237640897	237641002	106	+	ENSP00000499393	ENST00000661330	ENSE00001165561	47	TRUE	1	4973
1	237643327	237643447	121	+	ENSP00000499393	ENST00000661330	ENSE00000908162	48	TRUE	1	4973
1	237648444	237648613	170	+	ENSP00000499393	ENST00000661330	ENSE00001165554	49	TRUE	1	4973
1	237649877	237650097	221	+	ENSP00000499393	ENST00000661330	ENSE00000908164	50	TRUE	1	4973
1	237651411	237651501	91	+	ENSP00000499393	ENST00000661330	ENSE00001165545	51	TRUE	1	4973
1	237654274	237654414	141	+	ENSP00000499393	ENST00000661330	ENSE00000908166	52	TRUE	1	4973
1	237655821	237655984	164	+	ENSP00000499393	ENST00000661330	ENSE00000908167	53	TRUE	1	4973
1	237657944	237658022	79	+	ENSP00000499393	ENST00000661330	ENSE00001611202	54	TRUE	1	4973
1	237659985	237660074	90	+	ENSP00000499393	ENST00000661330	ENSE00000908169	55	TRUE	1	4973
1	237660810	237660947	138	+	ENSP00000499393	ENST00000661330	ENSE00000908170	56	TRUE	1	4973
1	237666512	237666589	78	+	ENSP00000499393	ENST00000661330	ENSE00000908171	57	TRUE	1	4973
1	237667883	237667958	76	+	ENSP00000499393	ENST00000661330	ENSE00000908172	58	TRUE	1	4973
1	237674096	237674219	124	+	ENSP00000499393	ENST00000661330	ENSE00001165528	59	TRUE	1	4973
1	237674731	237674846	116	+	ENSP00000499393	ENST00000661330	ENSE00001165519	60	TRUE	1	4973
1	237678048	237678112	65	+	ENSP00000499393	ENST00000661330	ENSE00001165512	61	TRUE	1	4973
1	237680456	237680577	122	+	ENSP00000499393	ENST00000661330	ENSE00003599358	62	TRUE	1	4973
1	237687455	237687504	50	+	ENSP00000499393	ENST00000661330	ENSE00001631808	63	TRUE	1	4973
1	237698965	237699025	61	+	ENSP00000499393	ENST00000661330	ENSE00003645048	64	TRUE	1	4973
1	237700229	237700467	239	+	ENSP00000499393	ENST00000661330	ENSE00003531557	65	TRUE	1	4973
1	237701978	237702059	82	+	ENSP00000499393	ENST00000661330	ENSE00001165474	66	TRUE	1	4973
1	237705213	237705343	131	+	ENSP00000499393	ENST00000661330	ENSE00001165465	67	TRUE	1	4973
1	237706949	237707269	321	+	ENSP00000499393	ENST00000661330	ENSE00003579451	68	TRUE	1	4973
1	237708858	237709098	241	+	ENSP00000499393	ENST00000661330	ENSE00003533727	69	TRUE	1	4973
1	237709480	237709567	88	+	ENSP00000499393	ENST00000661330	ENSE00003616334	70	TRUE	1	4973
1	237711745	237711837	93	+	ENSP00000499393	ENST00000661330	ENSE00003533550	71	TRUE	1	4973
1	237717198	237717368	171	+	ENSP00000499393	ENST00000661330	ENSE00003607820	72	TRUE	1	4973
1	237718462	237718521	60	+	ENSP00000499393	ENST00000661330	ENSE00003673763	73	TRUE	1	4973
1	237723128	237723262	135	+	ENSP00000499393	ENST00000661330	ENSE00003604153	74	TRUE	1	4973
1	237726273	237726308	36	+	ENSP00000499393	ENST00000661330	ENSE00003686434	75	TRUE	1	4973
1	237727087	237727199	113	+	ENSP00000499393	ENST00000661330	ENSE00003524890	76	TRUE	1	4973
1	237730260	237730356	97	+	ENSP00000499393	ENST00000661330	ENSE00003485861	77	TRUE	1	4973
1	237732046	237732149	104	+	ENSP00000499393	ENST00000661330	ENSE00003517487	78	TRUE	1	4973
1	237733705	237733756	52	+	ENSP00000499393	ENST00000661330	ENSE00003630461	79	TRUE	1	4973
1	237742296	237742349	54	+	ENSP00000499393	ENST00000661330	ENSE00003488686	80	TRUE	1	4973
1	237743600	237743623	24	+	ENSP00000499393	ENST00000661330	ENSE00003867396	81	TRUE	1	4973
1	237756288	237756387	100	+	ENSP00000499393	ENST00000661330	ENSE00003545364	82	TRUE	1	4973
1	237757697	237757776	80	+	ENSP00000499393	ENST00000661330	ENSE00003620408	83	TRUE	1	4973
1	237759776	237759852	77	+	ENSP00000499393	ENST00000661330	ENSE00003507227	84	TRUE	1	4973
1	237760955	237761028	74	+	ENSP00000499393	ENST00000661330	ENSE00003509423	85	TRUE	1	4973
1	237770807	237770887	81	+	ENSP00000499393	ENST00000661330	ENSE00003475557	86	TRUE	1	4973
1	237772012	237772100	89	+	ENSP00000499393	ENST00000661330	ENSE00003524981	87	TRUE	1	4973
1	237773520	237773648	129	+	ENSP00000499393	ENST00000661330	ENSE00003612583	88	TRUE	1	4973
1	237778666	237778770	105	+	ENSP00000499393	ENST00000661330	ENSE00003582754	89	TRUE	1	4973
1	237781565	237781646	82	+	ENSP00000499393	ENST00000661330	ENSE00003674190	90	TRUE	1	4973
1	237783675	237784972	1298	+	ENSP00000499393	ENST00000661330	ENSE00001329360	91	TRUE	1	4973
1	237785975	237786036	62	+	ENSP00000499393	ENST00000661330	ENSE00003993564	92	TRUE	1	4973
1	237787988	237788135	148	+	ENSP00000499393	ENST00000661330	ENSE00000908206	93	TRUE	1	4973
1	237791429	237791515	87	+	ENSP00000499393	ENST00000661330	ENSE00001308608	94	TRUE	1	4973
1	237792105	237792323	219	+	ENSP00000499393	ENST00000661330	ENSE00003518284	95	TRUE	1	4973
1	237793867	237793997	131	+	ENSP00000499393	ENST00000661330	ENSE00000908209	96	TRUE	1	4973
1	237795289	237795331	43	+	ENSP00000499393	ENST00000661330	ENSE00002242722	97	TRUE	1	4973
1	237798037	237798170	134	+	ENSP00000499393	ENST00000661330	ENSE00000908211	98	TRUE	1	4973
1	237801856	237801916	61	+	ENSP00000499393	ENST00000661330	ENSE00000908212	99	TRUE	1	4973
1	237806137	237806283	147	+	ENSP00000499393	ENST00000661330	ENSE00001604858	100	TRUE	1	4973
1	237808901	237809035	135	+	ENSP00000499393	ENST00000661330	ENSE00000908214	101	TRUE	1	4973
1	237819036	237819192	157	+	ENSP00000499393	ENST00000661330	ENSE00000908215	102	TRUE	1	4973
1	237828381	237828445	65	+	ENSP00000499393	ENST00000661330	ENSE00000908216	103	TRUE	1	4973
1	237830530	237830630	101	+	ENSP00000499393	ENST00000661330	ENSE00000908217	104	TRUE	1	4973
1	237831514	237831565	52	+	ENSP00000499393	ENST00000661330	ENSE00003557444	105	TRUE	1	4973
1	237832552	237832644	93	+	ENSP00000499393	ENST00000661330	ENSE00001422468	106	TRUE	1	4973
1	237042522	237042569	48	+	ENSP00000519308	ENST00000714018	ENSE00001401585	1	TRUE	1	4930
1	237270497	237270616	120	+	ENSP00000519308	ENST00000714018	ENSE00003728105	2	TRUE	1	4930
1	237330878	237330982	105	+	ENSP00000519308	ENST00000714018	ENSE00002211141	3	TRUE	1	4930
1	237374717	237374795	79	+	ENSP00000519308	ENST00000714018	ENSE00001022826	4	TRUE	1	4930
1	237377323	237377435	113	+	ENSP00000519308	ENST00000714018	ENSE00001165714	5	TRUE	1	4930
1	237387281	237387380	100	+	ENSP00000519308	ENST00000714018	ENSE00001022773	6	TRUE	1	4930
1	237388087	237388183	97	+	ENSP00000519308	ENST00000714018	ENSE00001165710	7	TRUE	1	4930
1	237417049	237417123	75	+	ENSP00000519308	ENST00000714018	ENSE00001165706	8	TRUE	1	4930
1	237423092	237423248	157	+	ENSP00000519308	ENST00000714018	ENSE00001165701	9	TRUE	1	4930
1	237441319	237441483	165	+	ENSP00000519308	ENST00000714018	ENSE00001022775	10	TRUE	1	4930
1	237445401	237445522	122	+	ENSP00000519308	ENST00000714018	ENSE00001022777	11	TRUE	1	4930
1	237454391	237454574	184	+	ENSP00000519308	ENST00000714018	ENSE00001165694	12	TRUE	1	4930
1	237456600	237456735	136	+	ENSP00000519308	ENST00000714018	ENSE00001022824	13	TRUE	1	4930
1	237469092	237469187	96	+	ENSP00000519308	ENST00000714018	ENSE00001165690	14	TRUE	1	4930
1	237491806	237491924	119	+	ENSP00000519308	ENST00000714018	ENSE00001165684	15	TRUE	1	4930
1	237492954	237493087	134	+	ENSP00000519308	ENST00000714018	ENSE00001022769	16	TRUE	1	4930
1	237496511	237496752	242	+	ENSP00000519308	ENST00000714018	ENSE00001165676	17	TRUE	1	4930
1	237500711	237500903	193	+	ENSP00000519308	ENST00000714018	ENSE00001165670	18	TRUE	1	4930
1	237503289	237503505	217	+	ENSP00000519308	ENST00000714018	ENSE00001165664	19	TRUE	1	4930
1	237506710	237506814	105	+	ENSP00000519308	ENST00000714018	ENSE00001022774	20	TRUE	1	4930
1	237511688	237511791	104	+	ENSP00000519308	ENST00000714018	ENSE00001022814	21	TRUE	1	4930
1	237530427	237530510	84	+	ENSP00000519308	ENST00000714018	ENSE00001165655	22	TRUE	1	4930
1	237548431	237548590	160	+	ENSP00000519308	ENST00000714018	ENSE00001165645	23	TRUE	1	4930
1	237550544	237550691	148	+	ENSP00000519308	ENST00000714018	ENSE00000908141	24	TRUE	1	4930
1	237566567	237566775	209	+	ENSP00000519308	ENST00000714018	ENSE00001165758	25	TRUE	1	4930
1	237569145	237569319	175	+	ENSP00000519308	ENST00000714018	ENSE00000908143	26	TRUE	1	4930
1	237589793	237590001	209	+	ENSP00000519308	ENST00000714018	ENSE00001165629	27	TRUE	1	4930
1	237590640	237590992	353	+	ENSP00000519308	ENST00000714018	ENSE00001303582	28	TRUE	1	4930
1	237591739	237591853	115	+	ENSP00000519308	ENST00000714018	ENSE00001165618	29	TRUE	1	4930
1	237593476	237593636	161	+	ENSP00000519308	ENST00000714018	ENSE00001165611	30	TRUE	1	4930
1	237595498	237595657	160	+	ENSP00000519308	ENST00000714018	ENSE00001165606	31	TRUE	1	4930
1	237602025	237602111	87	+	ENSP00000519308	ENST00000714018	ENSE00000908149	32	TRUE	1	4930
1	237610762	237610988	227	+	ENSP00000519308	ENST00000714018	ENSE00000908150	33	TRUE	1	4930
1	237614039	237614843	805	+	ENSP00000519308	ENST00000714018	ENSE00001165599	34	TRUE	1	4930
1	237617286	237617486	201	+	ENSP00000519308	ENST00000714018	ENSE00000908152	35	TRUE	1	4930
1	237623765	237623870	106	+	ENSP00000519308	ENST00000714018	ENSE00001165786	36	TRUE	1	4930
1	237625661	237625804	144	+	ENSP00000519308	ENST00000714018	ENSE00001165593	37	TRUE	1	4930
1	237627807	237628080	274	+	ENSP00000519308	ENST00000714018	ENSE00001165779	38	TRUE	1	4930
1	237631427	237631541	115	+	ENSP00000519308	ENST00000714018	ENSE00002233717	39	TRUE	1	4930
1	237633578	237633710	133	+	ENSP00000519308	ENST00000714018	ENSE00000908157	40	TRUE	1	4930
1	237634889	237634992	104	+	ENSP00000519308	ENST00000714018	ENSE00001165574	41	TRUE	1	4930
1	237638357	237638492	136	+	ENSP00000519308	ENST00000714018	ENSE00000908159	42	TRUE	1	4930
1	237639015	237639201	187	+	ENSP00000519308	ENST00000714018	ENSE00001165569	43	TRUE	1	4930
1	237640897	237641002	106	+	ENSP00000519308	ENST00000714018	ENSE00001165561	44	TRUE	1	4930
1	237643327	237643447	121	+	ENSP00000519308	ENST00000714018	ENSE00000908162	45	TRUE	1	4930
1	237648444	237648613	170	+	ENSP00000519308	ENST00000714018	ENSE00001165554	46	TRUE	1	4930
1	237649877	237650097	221	+	ENSP00000519308	ENST00000714018	ENSE00000908164	47	TRUE	1	4930
1	237651411	237651501	91	+	ENSP00000519308	ENST00000714018	ENSE00001165545	48	TRUE	1	4930
1	237654274	237654414	141	+	ENSP00000519308	ENST00000714018	ENSE00000908166	49	TRUE	1	4930
1	237655821	237655984	164	+	ENSP00000519308	ENST00000714018	ENSE00000908167	50	TRUE	1	4930
1	237657944	237658022	79	+	ENSP00000519308	ENST00000714018	ENSE00001611202	51	TRUE	1	4930
1	237659985	237660074	90	+	ENSP00000519308	ENST00000714018	ENSE00000908169	52	TRUE	1	4930
1	237660810	237660947	138	+	ENSP00000519308	ENST00000714018	ENSE00000908170	53	TRUE	1	4930
1	237666512	237666589	78	+	ENSP00000519308	ENST00000714018	ENSE00000908171	54	TRUE	1	4930
1	237667883	237667958	76	+	ENSP00000519308	ENST00000714018	ENSE00000908172	55	TRUE	1	4930
1	237674096	237674219	124	+	ENSP00000519308	ENST00000714018	ENSE00001165528	56	TRUE	1	4930
1	237674731	237674846	116	+	ENSP00000519308	ENST00000714018	ENSE00001165519	57	TRUE	1	4930
1	237678048	237678112	65	+	ENSP00000519308	ENST00000714018	ENSE00001165512	58	TRUE	1	4930
1	237680456	237680577	122	+	ENSP00000519308	ENST00000714018	ENSE00003599358	59	TRUE	1	4930
1	237687455	237687504	50	+	ENSP00000519308	ENST00000714018	ENSE00001631808	60	TRUE	1	4930
1	237698965	237699025	61	+	ENSP00000519308	ENST00000714018	ENSE00003645048	61	TRUE	1	4930
1	237700229	237700467	239	+	ENSP00000519308	ENST00000714018	ENSE00003531557	62	TRUE	1	4930
1	237701978	237702059	82	+	ENSP00000519308	ENST00000714018	ENSE00001165474	63	TRUE	1	4930
1	237705213	237705343	131	+	ENSP00000519308	ENST00000714018	ENSE00001165465	64	TRUE	1	4930
1	237706949	237707269	321	+	ENSP00000519308	ENST00000714018	ENSE00003579451	65	TRUE	1	4930
1	237708858	237709098	241	+	ENSP00000519308	ENST00000714018	ENSE00003533727	66	TRUE	1	4930
1	237709480	237709567	88	+	ENSP00000519308	ENST00000714018	ENSE00003616334	67	TRUE	1	4930
1	237711745	237711837	93	+	ENSP00000519308	ENST00000714018	ENSE00003533550	68	TRUE	1	4930
1	237717198	237717368	171	+	ENSP00000519308	ENST00000714018	ENSE00003607820	69	TRUE	1	4930
1	237718462	237718521	60	+	ENSP00000519308	ENST00000714018	ENSE00003673763	70	TRUE	1	4930
1	237723128	237723262	135	+	ENSP00000519308	ENST00000714018	ENSE00003604153	71	TRUE	1	4930
1	237726273	237726308	36	+	ENSP00000519308	ENST00000714018	ENSE00003686434	72	TRUE	1	4930
1	237727087	237727199	113	+	ENSP00000519308	ENST00000714018	ENSE00003524890	73	TRUE	1	4930
1	237730260	237730356	97	+	ENSP00000519308	ENST00000714018	ENSE00003485861	74	TRUE	1	4930
1	237732046	237732149	104	+	ENSP00000519308	ENST00000714018	ENSE00003517487	75	TRUE	1	4930
1	237733705	237733756	52	+	ENSP00000519308	ENST00000714018	ENSE00003630461	76	TRUE	1	4930
1	237742296	237742349	54	+	ENSP00000519308	ENST00000714018	ENSE00003488686	77	TRUE	1	4930
1	237756288	237756387	100	+	ENSP00000519308	ENST00000714018	ENSE00003545364	78	TRUE	1	4930
1	237757697	237757776	80	+	ENSP00000519308	ENST00000714018	ENSE00003620408	79	TRUE	1	4930
1	237759776	237759852	77	+	ENSP00000519308	ENST00000714018	ENSE00003507227	80	TRUE	1	4930
1	237760955	237761028	74	+	ENSP00000519308	ENST00000714018	ENSE00003509423	81	TRUE	1	4930
1	237770807	237770887	81	+	ENSP00000519308	ENST00000714018	ENSE00003475557	82	TRUE	1	4930
1	237772012	237772100	89	+	ENSP00000519308	ENST00000714018	ENSE00003524981	83	TRUE	1	4930
1	237773520	237773648	129	+	ENSP00000519308	ENST00000714018	ENSE00003612583	84	TRUE	1	4930
1	237778666	237778770	105	+	ENSP00000519308	ENST00000714018	ENSE00003582754	85	TRUE	1	4930
1	237781565	237781646	82	+	ENSP00000519308	ENST00000714018	ENSE00003674190	86	TRUE	1	4930
1	237783675	237784972	1298	+	ENSP00000519308	ENST00000714018	ENSE00001329360	87	TRUE	1	4930
1	237785969	237786036	68	+	ENSP00000519308	ENST00000714018	ENSE00001165752	88	TRUE	1	4930
1	237787988	237788135	148	+	ENSP00000519308	ENST00000714018	ENSE00000908206	89	TRUE	1	4930
1	237791429	237791515	87	+	ENSP00000519308	ENST00000714018	ENSE00001308608	90	TRUE	1	4930
1	237792105	237792323	219	+	ENSP00000519308	ENST00000714018	ENSE00003518284	91	TRUE	1	4930
1	237793867	237793997	131	+	ENSP00000519308	ENST00000714018	ENSE00000908209	92	TRUE	1	4930
1	237795289	237795331	43	+	ENSP00000519308	ENST00000714018	ENSE00002242722	93	TRUE	1	4930
1	237798037	237798170	134	+	ENSP00000519308	ENST00000714018	ENSE00000908211	94	TRUE	1	4930
1	237801856	237801916	61	+	ENSP00000519308	ENST00000714018	ENSE00000908212	95	TRUE	1	4930
1	237806137	237806283	147	+	ENSP00000519308	ENST00000714018	ENSE00001604858	96	TRUE	1	4930
1	237808901	237809035	135	+	ENSP00000519308	ENST00000714018	ENSE00000908214	97	TRUE	1	4930
1	237819036	237819192	157	+	ENSP00000519308	ENST00000714018	ENSE00000908215	98	TRUE	1	4930
1	237828381	237828445	65	+	ENSP00000519308	ENST00000714018	ENSE00000908216	99	TRUE	1	4930
1	237830530	237830630	101	+	ENSP00000519308	ENST00000714018	ENSE00000908217	100	TRUE	1	4930
1	237831514	237831565	52	+	ENSP00000519308	ENST00000714018	ENSE00003557444	101	TRUE	1	4930
1	237832552	237832644	93	+	ENSP00000519308	ENST00000714018	ENSE00001422468	102	TRUE	1	4930
1	237042522	237042569	48	+	ENSP00000519309	ENST00000714019	ENSE00001401585	1	TRUE	1	4955
1	237270497	237270616	120	+	ENSP00000519309	ENST00000714019	ENSE00003728105	2	TRUE	1	4955
1	237330878	237330982	105	+	ENSP00000519309	ENST00000714019	ENSE00002211141	3	TRUE	1	4955
1	237369534	237369608	75	+	ENSP00000519309	ENST00000714019	ENSE00001166352	4	TRUE	1	4955
1	237374717	237374795	79	+	ENSP00000519309	ENST00000714019	ENSE00001022826	5	TRUE	1	4955
1	237377323	237377435	113	+	ENSP00000519309	ENST00000714019	ENSE00001165714	6	TRUE	1	4955
1	237387281	237387380	100	+	ENSP00000519309	ENST00000714019	ENSE00001022773	7	TRUE	1	4955
1	237388087	237388183	97	+	ENSP00000519309	ENST00000714019	ENSE00001165710	8	TRUE	1	4955
1	237417049	237417123	75	+	ENSP00000519309	ENST00000714019	ENSE00001165706	9	TRUE	1	4955
1	237423092	237423248	157	+	ENSP00000519309	ENST00000714019	ENSE00001165701	10	TRUE	1	4955
1	237441319	237441483	165	+	ENSP00000519309	ENST00000714019	ENSE00001022775	11	TRUE	1	4955
1	237445401	237445522	122	+	ENSP00000519309	ENST00000714019	ENSE00001022777	12	TRUE	1	4955
1	237454391	237454574	184	+	ENSP00000519309	ENST00000714019	ENSE00001165694	13	TRUE	1	4955
1	237456600	237456735	136	+	ENSP00000519309	ENST00000714019	ENSE00001022824	14	TRUE	1	4955
1	237469092	237469187	96	+	ENSP00000519309	ENST00000714019	ENSE00001165690	15	TRUE	1	4955
1	237491806	237491924	119	+	ENSP00000519309	ENST00000714019	ENSE00001165684	16	TRUE	1	4955
1	237492954	237493087	134	+	ENSP00000519309	ENST00000714019	ENSE00001022769	17	TRUE	1	4955
1	237496511	237496752	242	+	ENSP00000519309	ENST00000714019	ENSE00001165676	18	TRUE	1	4955
1	237500711	237500903	193	+	ENSP00000519309	ENST00000714019	ENSE00001165670	19	TRUE	1	4955
1	237503289	237503505	217	+	ENSP00000519309	ENST00000714019	ENSE00001165664	20	TRUE	1	4955
1	237506710	237506814	105	+	ENSP00000519309	ENST00000714019	ENSE00001022774	21	TRUE	1	4955
1	237511688	237511791	104	+	ENSP00000519309	ENST00000714019	ENSE00001022814	22	TRUE	1	4955
1	237530427	237530510	84	+	ENSP00000519309	ENST00000714019	ENSE00001165655	23	TRUE	1	4955
1	237548431	237548590	160	+	ENSP00000519309	ENST00000714019	ENSE00001165645	24	TRUE	1	4955
1	237550544	237550691	148	+	ENSP00000519309	ENST00000714019	ENSE00000908141	25	TRUE	1	4955
1	237566567	237566775	209	+	ENSP00000519309	ENST00000714019	ENSE00001165758	26	TRUE	1	4955
1	237569145	237569319	175	+	ENSP00000519309	ENST00000714019	ENSE00000908143	27	TRUE	1	4955
1	237589793	237590001	209	+	ENSP00000519309	ENST00000714019	ENSE00001165629	28	TRUE	1	4955
1	237590640	237590992	353	+	ENSP00000519309	ENST00000714019	ENSE00001303582	29	TRUE	1	4955
1	237591739	237591853	115	+	ENSP00000519309	ENST00000714019	ENSE00001165618	30	TRUE	1	4955
1	237593476	237593636	161	+	ENSP00000519309	ENST00000714019	ENSE00001165611	31	TRUE	1	4955
1	237595498	237595657	160	+	ENSP00000519309	ENST00000714019	ENSE00001165606	32	TRUE	1	4955
1	237602025	237602111	87	+	ENSP00000519309	ENST00000714019	ENSE00000908149	33	TRUE	1	4955
1	237610762	237610988	227	+	ENSP00000519309	ENST00000714019	ENSE00000908150	34	TRUE	1	4955
1	237614039	237614843	805	+	ENSP00000519309	ENST00000714019	ENSE00001165599	35	TRUE	1	4955
1	237617286	237617486	201	+	ENSP00000519309	ENST00000714019	ENSE00000908152	36	TRUE	1	4955
1	237623765	237623870	106	+	ENSP00000519309	ENST00000714019	ENSE00001165786	37	TRUE	1	4955
1	237625661	237625804	144	+	ENSP00000519309	ENST00000714019	ENSE00001165593	38	TRUE	1	4955
1	237627807	237628080	274	+	ENSP00000519309	ENST00000714019	ENSE00001165779	39	TRUE	1	4955
1	237631427	237631541	115	+	ENSP00000519309	ENST00000714019	ENSE00002233717	40	TRUE	1	4955
1	237633578	237633710	133	+	ENSP00000519309	ENST00000714019	ENSE00000908157	41	TRUE	1	4955
1	237634889	237634992	104	+	ENSP00000519309	ENST00000714019	ENSE00001165574	42	TRUE	1	4955
1	237638357	237638492	136	+	ENSP00000519309	ENST00000714019	ENSE00000908159	43	TRUE	1	4955
1	237639015	237639201	187	+	ENSP00000519309	ENST00000714019	ENSE00001165569	44	TRUE	1	4955
1	237640897	237641002	106	+	ENSP00000519309	ENST00000714019	ENSE00001165561	45	TRUE	1	4955
1	237643327	237643447	121	+	ENSP00000519309	ENST00000714019	ENSE00000908162	46	TRUE	1	4955
1	237648444	237648613	170	+	ENSP00000519309	ENST00000714019	ENSE00001165554	47	TRUE	1	4955
1	237649877	237650097	221	+	ENSP00000519309	ENST00000714019	ENSE00000908164	48	TRUE	1	4955
1	237651411	237651501	91	+	ENSP00000519309	ENST00000714019	ENSE00001165545	49	TRUE	1	4955
1	237654274	237654414	141	+	ENSP00000519309	ENST00000714019	ENSE00000908166	50	TRUE	1	4955
1	237655821	237655984	164	+	ENSP00000519309	ENST00000714019	ENSE00000908167	51	TRUE	1	4955
1	237657944	237658022	79	+	ENSP00000519309	ENST00000714019	ENSE00001611202	52	TRUE	1	4955
1	237659985	237660074	90	+	ENSP00000519309	ENST00000714019	ENSE00000908169	53	TRUE	1	4955
1	237660810	237660947	138	+	ENSP00000519309	ENST00000714019	ENSE00000908170	54	TRUE	1	4955
1	237666512	237666589	78	+	ENSP00000519309	ENST00000714019	ENSE00000908171	55	TRUE	1	4955
1	237667883	237667958	76	+	ENSP00000519309	ENST00000714019	ENSE00000908172	56	TRUE	1	4955
1	237674096	237674219	124	+	ENSP00000519309	ENST00000714019	ENSE00001165528	57	TRUE	1	4955
1	237674731	237674846	116	+	ENSP00000519309	ENST00000714019	ENSE00001165519	58	TRUE	1	4955
1	237678048	237678112	65	+	ENSP00000519309	ENST00000714019	ENSE00001165512	59	TRUE	1	4955
1	237680456	237680577	122	+	ENSP00000519309	ENST00000714019	ENSE00003599358	60	TRUE	1	4955
1	237687455	237687504	50	+	ENSP00000519309	ENST00000714019	ENSE00001631808	61	TRUE	1	4955
1	237698965	237699025	61	+	ENSP00000519309	ENST00000714019	ENSE00003645048	62	TRUE	1	4955
1	237700229	237700467	239	+	ENSP00000519309	ENST00000714019	ENSE00003531557	63	TRUE	1	4955
1	237701978	237702059	82	+	ENSP00000519309	ENST00000714019	ENSE00001165474	64	TRUE	1	4955
1	237705213	237705343	131	+	ENSP00000519309	ENST00000714019	ENSE00001165465	65	TRUE	1	4955
1	237706949	237707269	321	+	ENSP00000519309	ENST00000714019	ENSE00003579451	66	TRUE	1	4955
1	237708858	237709098	241	+	ENSP00000519309	ENST00000714019	ENSE00003533727	67	TRUE	1	4955
1	237709480	237709567	88	+	ENSP00000519309	ENST00000714019	ENSE00003616334	68	TRUE	1	4955
1	237711745	237711837	93	+	ENSP00000519309	ENST00000714019	ENSE00003533550	69	TRUE	1	4955
1	237717198	237717368	171	+	ENSP00000519309	ENST00000714019	ENSE00003607820	70	TRUE	1	4955
1	237718462	237718521	60	+	ENSP00000519309	ENST00000714019	ENSE00003673763	71	TRUE	1	4955
1	237723128	237723262	135	+	ENSP00000519309	ENST00000714019	ENSE00003604153	72	TRUE	1	4955
1	237726273	237726308	36	+	ENSP00000519309	ENST00000714019	ENSE00003686434	73	TRUE	1	4955
1	237727087	237727199	113	+	ENSP00000519309	ENST00000714019	ENSE00003524890	74	TRUE	1	4955
1	237730260	237730356	97	+	ENSP00000519309	ENST00000714019	ENSE00003485861	75	TRUE	1	4955
1	237732046	237732149	104	+	ENSP00000519309	ENST00000714019	ENSE00003517487	76	TRUE	1	4955
1	237733705	237733756	52	+	ENSP00000519309	ENST00000714019	ENSE00003630461	77	TRUE	1	4955
1	237742296	237742349	54	+	ENSP00000519309	ENST00000714019	ENSE00003488686	78	TRUE	1	4955
1	237756288	237756387	100	+	ENSP00000519309	ENST00000714019	ENSE00003545364	79	TRUE	1	4955
1	237757697	237757776	80	+	ENSP00000519309	ENST00000714019	ENSE00003620408	80	TRUE	1	4955
1	237759776	237759852	77	+	ENSP00000519309	ENST00000714019	ENSE00003507227	81	TRUE	1	4955
1	237760955	237761028	74	+	ENSP00000519309	ENST00000714019	ENSE00003509423	82	TRUE	1	4955
1	237770807	237770887	81	+	ENSP00000519309	ENST00000714019	ENSE00003475557	83	TRUE	1	4955
1	237772012	237772100	89	+	ENSP00000519309	ENST00000714019	ENSE00003524981	84	TRUE	1	4955
1	237773520	237773648	129	+	ENSP00000519309	ENST00000714019	ENSE00003612583	85	TRUE	1	4955
1	237778666	237778770	105	+	ENSP00000519309	ENST00000714019	ENSE00003582754	86	TRUE	1	4955
1	237781565	237781646	82	+	ENSP00000519309	ENST00000714019	ENSE00003674190	87	TRUE	1	4955
1	237783675	237784972	1298	+	ENSP00000519309	ENST00000714019	ENSE00001329360	88	TRUE	1	4955
1	237785969	237786036	68	+	ENSP00000519309	ENST00000714019	ENSE00001165752	89	TRUE	1	4955
1	237787988	237788135	148	+	ENSP00000519309	ENST00000714019	ENSE00000908206	90	TRUE	1	4955
1	237791429	237791515	87	+	ENSP00000519309	ENST00000714019	ENSE00001308608	91	TRUE	1	4955
1	237792105	237792323	219	+	ENSP00000519309	ENST00000714019	ENSE00003518284	92	TRUE	1	4955
1	237793867	237793997	131	+	ENSP00000519309	ENST00000714019	ENSE00000908209	93	TRUE	1	4955
1	237795289	237795331	43	+	ENSP00000519309	ENST00000714019	ENSE00002242722	94	TRUE	1	4955
1	237798037	237798170	134	+	ENSP00000519309	ENST00000714019	ENSE00000908211	95	TRUE	1	4955
1	237801856	237801916	61	+	ENSP00000519309	ENST00000714019	ENSE00000908212	96	TRUE	1	4955
1	237806137	237806283	147	+	ENSP00000519309	ENST00000714019	ENSE00001604858	97	TRUE	1	4955
1	237808901	237809035	135	+	ENSP00000519309	ENST00000714019	ENSE00000908214	98	TRUE	1	4955
1	237819036	237819192	157	+	ENSP00000519309	ENST00000714019	ENSE00000908215	99	TRUE	1	4955
1	237828381	237828445	65	+	ENSP00000519309	ENST00000714019	ENSE00000908216	100	TRUE	1	4955
1	237830530	237830630	101	+	ENSP00000519309	ENST00000714019	ENSE00000908217	101	TRUE	1	4955
1	237831514	237831565	52	+	ENSP00000519309	ENST00000714019	ENSE00003557444	102	TRUE	1	4955
1	237832552	237832644	93	+	ENSP00000519309	ENST00000714019	ENSE00001422468	103	TRUE	1	4955
1	237042522	237042569	48	+	ENSP00000519311	ENST00000714021	ENSE00001401585	1	TRUE	1	4973
1	237270497	237270616	120	+	ENSP00000519311	ENST00000714021	ENSE00003728105	2	TRUE	1	4973
1	237330878	237330982	105	+	ENSP00000519311	ENST00000714021	ENSE00002211141	3	TRUE	1	4973
1	237355965	237355985	21	+	ENSP00000519311	ENST00000714021	ENSE00004022506	4	TRUE	1	4973
1	237364358	237364372	15	+	ENSP00000519311	ENST00000714021	ENSE00004022517	5	TRUE	1	4973
1	237369534	237369608	75	+	ENSP00000519311	ENST00000714021	ENSE00001166352	6	TRUE	1	4973
1	237374717	237374795	79	+	ENSP00000519311	ENST00000714021	ENSE00001022826	7	TRUE	1	4973
1	237377323	237377435	113	+	ENSP00000519311	ENST00000714021	ENSE00001165714	8	TRUE	1	4973
1	237387281	237387380	100	+	ENSP00000519311	ENST00000714021	ENSE00001022773	9	TRUE	1	4973
1	237388087	237388183	97	+	ENSP00000519311	ENST00000714021	ENSE00001165710	10	TRUE	1	4973
1	237417049	237417123	75	+	ENSP00000519311	ENST00000714021	ENSE00001165706	11	TRUE	1	4973
1	237423092	237423248	157	+	ENSP00000519311	ENST00000714021	ENSE00001165701	12	TRUE	1	4973
1	237441319	237441483	165	+	ENSP00000519311	ENST00000714021	ENSE00001022775	13	TRUE	1	4973
1	237445401	237445522	122	+	ENSP00000519311	ENST00000714021	ENSE00001022777	14	TRUE	1	4973
1	237454391	237454574	184	+	ENSP00000519311	ENST00000714021	ENSE00001165694	15	TRUE	1	4973
1	237456600	237456735	136	+	ENSP00000519311	ENST00000714021	ENSE00001022824	16	TRUE	1	4973
1	237469092	237469187	96	+	ENSP00000519311	ENST00000714021	ENSE00001165690	17	TRUE	1	4973
1	237491806	237491924	119	+	ENSP00000519311	ENST00000714021	ENSE00001165684	18	TRUE	1	4973
1	237492954	237493087	134	+	ENSP00000519311	ENST00000714021	ENSE00001022769	19	TRUE	1	4973
1	237496511	237496752	242	+	ENSP00000519311	ENST00000714021	ENSE00001165676	20	TRUE	1	4973
1	237500711	237500903	193	+	ENSP00000519311	ENST00000714021	ENSE00001165670	21	TRUE	1	4973
1	237503289	237503505	217	+	ENSP00000519311	ENST00000714021	ENSE00001165664	22	TRUE	1	4973
1	237506710	237506814	105	+	ENSP00000519311	ENST00000714021	ENSE00001022774	23	TRUE	1	4973
1	237511688	237511791	104	+	ENSP00000519311	ENST00000714021	ENSE00001022814	24	TRUE	1	4973
1	237530427	237530510	84	+	ENSP00000519311	ENST00000714021	ENSE00001165655	25	TRUE	1	4973
1	237548431	237548590	160	+	ENSP00000519311	ENST00000714021	ENSE00001165645	26	TRUE	1	4973
1	237550544	237550691	148	+	ENSP00000519311	ENST00000714021	ENSE00000908141	27	TRUE	1	4973
1	237566567	237566775	209	+	ENSP00000519311	ENST00000714021	ENSE00001165758	28	TRUE	1	4973
1	237569145	237569319	175	+	ENSP00000519311	ENST00000714021	ENSE00000908143	29	TRUE	1	4973
1	237589793	237590001	209	+	ENSP00000519311	ENST00000714021	ENSE00001165629	30	TRUE	1	4973
1	237590640	237590992	353	+	ENSP00000519311	ENST00000714021	ENSE00001303582	31	TRUE	1	4973
1	237591739	237591853	115	+	ENSP00000519311	ENST00000714021	ENSE00001165618	32	TRUE	1	4973
1	237593476	237593636	161	+	ENSP00000519311	ENST00000714021	ENSE00001165611	33	TRUE	1	4973
1	237595498	237595657	160	+	ENSP00000519311	ENST00000714021	ENSE00001165606	34	TRUE	1	4973
1	237602025	237602111	87	+	ENSP00000519311	ENST00000714021	ENSE00000908149	35	TRUE	1	4973
1	237610762	237610988	227	+	ENSP00000519311	ENST00000714021	ENSE00000908150	36	TRUE	1	4973
1	237614039	237614843	805	+	ENSP00000519311	ENST00000714021	ENSE00001165599	37	TRUE	1	4973
1	237617286	237617486	201	+	ENSP00000519311	ENST00000714021	ENSE00000908152	38	TRUE	1	4973
1	237623765	237623870	106	+	ENSP00000519311	ENST00000714021	ENSE00001165786	39	TRUE	1	4973
1	237625661	237625804	144	+	ENSP00000519311	ENST00000714021	ENSE00001165593	40	TRUE	1	4973
1	237627807	237628080	274	+	ENSP00000519311	ENST00000714021	ENSE00001165779	41	TRUE	1	4973
1	237631427	237631541	115	+	ENSP00000519311	ENST00000714021	ENSE00002233717	42	TRUE	1	4973
1	237633578	237633710	133	+	ENSP00000519311	ENST00000714021	ENSE00000908157	43	TRUE	1	4973
1	237634889	237634992	104	+	ENSP00000519311	ENST00000714021	ENSE00001165574	44	TRUE	1	4973
1	237638357	237638492	136	+	ENSP00000519311	ENST00000714021	ENSE00000908159	45	TRUE	1	4973
1	237639015	237639201	187	+	ENSP00000519311	ENST00000714021	ENSE00001165569	46	TRUE	1	4973
1	237640897	237641002	106	+	ENSP00000519311	ENST00000714021	ENSE00001165561	47	TRUE	1	4973
1	237643327	237643447	121	+	ENSP00000519311	ENST00000714021	ENSE00000908162	48	TRUE	1	4973
1	237648444	237648613	170	+	ENSP00000519311	ENST00000714021	ENSE00001165554	49	TRUE	1	4973
1	237649877	237650097	221	+	ENSP00000519311	ENST00000714021	ENSE00000908164	50	TRUE	1	4973
1	237651411	237651501	91	+	ENSP00000519311	ENST00000714021	ENSE00001165545	51	TRUE	1	4973
1	237654274	237654414	141	+	ENSP00000519311	ENST00000714021	ENSE00000908166	52	TRUE	1	4973
1	237655821	237655984	164	+	ENSP00000519311	ENST00000714021	ENSE00000908167	53	TRUE	1	4973
1	237657944	237658022	79	+	ENSP00000519311	ENST00000714021	ENSE00001611202	54	TRUE	1	4973
1	237659985	237660074	90	+	ENSP00000519311	ENST00000714021	ENSE00000908169	55	TRUE	1	4973
1	237660810	237660947	138	+	ENSP00000519311	ENST00000714021	ENSE00000908170	56	TRUE	1	4973
1	237666512	237666589	78	+	ENSP00000519311	ENST00000714021	ENSE00000908171	57	TRUE	1	4973
1	237667883	237667958	76	+	ENSP00000519311	ENST00000714021	ENSE00000908172	58	TRUE	1	4973
1	237674096	237674219	124	+	ENSP00000519311	ENST00000714021	ENSE00001165528	59	TRUE	1	4973
1	237674731	237674846	116	+	ENSP00000519311	ENST00000714021	ENSE00001165519	60	TRUE	1	4973
1	237678048	237678112	65	+	ENSP00000519311	ENST00000714021	ENSE00001165512	61	TRUE	1	4973
1	237680456	237680577	122	+	ENSP00000519311	ENST00000714021	ENSE00003599358	62	TRUE	1	4973
1	237687455	237687504	50	+	ENSP00000519311	ENST00000714021	ENSE00001631808	63	TRUE	1	4973
1	237698965	237699025	61	+	ENSP00000519311	ENST00000714021	ENSE00003645048	64	TRUE	1	4973
1	237700229	237700467	239	+	ENSP00000519311	ENST00000714021	ENSE00003531557	65	TRUE	1	4973
1	237701978	237702059	82	+	ENSP00000519311	ENST00000714021	ENSE00001165474	66	TRUE	1	4973
1	237705213	237705343	131	+	ENSP00000519311	ENST00000714021	ENSE00001165465	67	TRUE	1	4973
1	237706949	237707269	321	+	ENSP00000519311	ENST00000714021	ENSE00003579451	68	TRUE	1	4973
1	237708858	237709098	241	+	ENSP00000519311	ENST00000714021	ENSE00003533727	69	TRUE	1	4973
1	237709480	237709567	88	+	ENSP00000519311	ENST00000714021	ENSE00003616334	70	TRUE	1	4973
1	237711745	237711837	93	+	ENSP00000519311	ENST00000714021	ENSE00003533550	71	TRUE	1	4973
1	237717198	237717368	171	+	ENSP00000519311	ENST00000714021	ENSE00003607820	72	TRUE	1	4973
1	237718462	237718521	60	+	ENSP00000519311	ENST00000714021	ENSE00003673763	73	TRUE	1	4973
1	237723128	237723262	135	+	ENSP00000519311	ENST00000714021	ENSE00003604153	74	TRUE	1	4973
1	237726273	237726308	36	+	ENSP00000519311	ENST00000714021	ENSE00003686434	75	TRUE	1	4973
1	237727087	237727199	113	+	ENSP00000519311	ENST00000714021	ENSE00003524890	76	TRUE	1	4973
1	237730260	237730356	97	+	ENSP00000519311	ENST00000714021	ENSE00003485861	77	TRUE	1	4973
1	237732046	237732149	104	+	ENSP00000519311	ENST00000714021	ENSE00003517487	78	TRUE	1	4973
1	237733705	237733756	52	+	ENSP00000519311	ENST00000714021	ENSE00003630461	79	TRUE	1	4973
1	237742296	237742349	54	+	ENSP00000519311	ENST00000714021	ENSE00003488686	80	TRUE	1	4973
1	237756288	237756387	100	+	ENSP00000519311	ENST00000714021	ENSE00003545364	81	TRUE	1	4973
1	237757697	237757776	80	+	ENSP00000519311	ENST00000714021	ENSE00003620408	82	TRUE	1	4973
1	237759776	237759852	77	+	ENSP00000519311	ENST00000714021	ENSE00003507227	83	TRUE	1	4973
1	237760955	237761028	74	+	ENSP00000519311	ENST00000714021	ENSE00003509423	84	TRUE	1	4973
1	237762894	237762911	18	+	ENSP00000519311	ENST00000714021	ENSE00004022486	85	TRUE	1	4973
1	237770807	237770887	81	+	ENSP00000519311	ENST00000714021	ENSE00003475557	86	TRUE	1	4973
1	237772012	237772100	89	+	ENSP00000519311	ENST00000714021	ENSE00003524981	87	TRUE	1	4973
1	237773520	237773648	129	+	ENSP00000519311	ENST00000714021	ENSE00003612583	88	TRUE	1	4973
1	237778666	237778770	105	+	ENSP00000519311	ENST00000714021	ENSE00003582754	89	TRUE	1	4973
1	237781565	237781646	82	+	ENSP00000519311	ENST00000714021	ENSE00003674190	90	TRUE	1	4973
1	237783675	237784972	1298	+	ENSP00000519311	ENST00000714021	ENSE00001329360	91	TRUE	1	4973
1	237785969	237786036	68	+	ENSP00000519311	ENST00000714021	ENSE00001165752	92	TRUE	1	4973
1	237787988	237788135	148	+	ENSP00000519311	ENST00000714021	ENSE00000908206	93	TRUE	1	4973
1	237791429	237791515	87	+	ENSP00000519311	ENST00000714021	ENSE00001308608	94	TRUE	1	4973
1	237792105	237792323	219	+	ENSP00000519311	ENST00000714021	ENSE00003518284	95	TRUE	1	4973
1	237793867	237793997	131	+	ENSP00000519311	ENST00000714021	ENSE00000908209	96	TRUE	1	4973
1	237795289	237795331	43	+	ENSP00000519311	ENST00000714021	ENSE00002242722	97	TRUE	1	4973
1	237798037	237798170	134	+	ENSP00000519311	ENST00000714021	ENSE00000908211	98	TRUE	1	4973
1	237801856	237801916	61	+	ENSP00000519311	ENST00000714021	ENSE00000908212	99	TRUE	1	4973
1	237806137	237806283	147	+	ENSP00000519311	ENST00000714021	ENSE00001604858	100	TRUE	1	4973
1	237808901	237809035	135	+	ENSP00000519311	ENST00000714021	ENSE00000908214	101	TRUE	1	4973
1	237819036	237819192	157	+	ENSP00000519311	ENST00000714021	ENSE00000908215	102	TRUE	1	4973
1	237828381	237828445	65	+	ENSP00000519311	ENST00000714021	ENSE00000908216	103	TRUE	1	4973
1	237830530	237830630	101	+	ENSP00000519311	ENST00000714021	ENSE00000908217	104	TRUE	1	4973
1	237831514	237831565	52	+	ENSP00000519311	ENST00000714021	ENSE00003557444	105	TRUE	1	4973
1	237832552	237832644	93	+	ENSP00000519311	ENST00000714021	ENSE00001422468	106	TRUE	1	4973
1	237496512	237496752	241	+	ENSP00000519312	ENST00000714022	ENSE00004022536	4	TRUE	1	4312
1	237500711	237500903	193	+	ENSP00000519312	ENST00000714022	ENSE00001165670	5	TRUE	1	4312
1	237503289	237503505	217	+	ENSP00000519312	ENST00000714022	ENSE00001165664	6	TRUE	1	4312
1	237506710	237506814	105	+	ENSP00000519312	ENST00000714022	ENSE00001022774	7	TRUE	1	4312
1	237511688	237511791	104	+	ENSP00000519312	ENST00000714022	ENSE00001022814	8	TRUE	1	4312
1	237530427	237530510	84	+	ENSP00000519312	ENST00000714022	ENSE00001165655	9	TRUE	1	4312
1	237548431	237548590	160	+	ENSP00000519312	ENST00000714022	ENSE00001165645	10	TRUE	1	4312
1	237550544	237550691	148	+	ENSP00000519312	ENST00000714022	ENSE00000908141	11	TRUE	1	4312
1	237566570	237566775	206	+	ENSP00000519312	ENST00000714022	ENSE00004022489	12	TRUE	1	4312
1	237569145	237569319	175	+	ENSP00000519312	ENST00000714022	ENSE00000908143	13	TRUE	1	4312
1	237589793	237590001	209	+	ENSP00000519312	ENST00000714022	ENSE00001165629	14	TRUE	1	4312
1	237590640	237590992	353	+	ENSP00000519312	ENST00000714022	ENSE00001303582	15	TRUE	1	4312
1	237591739	237591853	115	+	ENSP00000519312	ENST00000714022	ENSE00001165618	16	TRUE	1	4312
1	237593476	237593636	161	+	ENSP00000519312	ENST00000714022	ENSE00001165611	17	TRUE	1	4312
1	237595498	237595657	160	+	ENSP00000519312	ENST00000714022	ENSE00001165606	18	TRUE	1	4312
1	237602025	237602111	87	+	ENSP00000519312	ENST00000714022	ENSE00000908149	19	TRUE	1	4312
1	237610762	237610988	227	+	ENSP00000519312	ENST00000714022	ENSE00000908150	20	TRUE	1	4312
1	237614039	237614843	805	+	ENSP00000519312	ENST00000714022	ENSE00001165599	21	TRUE	1	4312
1	237617286	237617486	201	+	ENSP00000519312	ENST00000714022	ENSE00000908152	22	TRUE	1	4312
1	237623765	237623870	106	+	ENSP00000519312	ENST00000714022	ENSE00001165786	23	TRUE	1	4312
1	237625661	237625804	144	+	ENSP00000519312	ENST00000714022	ENSE00001165593	24	TRUE	1	4312
1	237627807	237628080	274	+	ENSP00000519312	ENST00000714022	ENSE00001165779	25	TRUE	1	4312
1	237631427	237631541	115	+	ENSP00000519312	ENST00000714022	ENSE00002233717	26	TRUE	1	4312
1	237633578	237633710	133	+	ENSP00000519312	ENST00000714022	ENSE00000908157	27	TRUE	1	4312
1	237634889	237634992	104	+	ENSP00000519312	ENST00000714022	ENSE00001165574	28	TRUE	1	4312
1	237638357	237638492	136	+	ENSP00000519312	ENST00000714022	ENSE00000908159	29	TRUE	1	4312
1	237639015	237639201	187	+	ENSP00000519312	ENST00000714022	ENSE00001165569	30	TRUE	1	4312
1	237640897	237641002	106	+	ENSP00000519312	ENST00000714022	ENSE00001165561	31	TRUE	1	4312
1	237643327	237643447	121	+	ENSP00000519312	ENST00000714022	ENSE00000908162	32	TRUE	1	4312
1	237648444	237648613	170	+	ENSP00000519312	ENST00000714022	ENSE00001165554	33	TRUE	1	4312
1	237649877	237650097	221	+	ENSP00000519312	ENST00000714022	ENSE00000908164	34	TRUE	1	4312
1	237651411	237651501	91	+	ENSP00000519312	ENST00000714022	ENSE00001165545	35	TRUE	1	4312
1	237654274	237654414	141	+	ENSP00000519312	ENST00000714022	ENSE00000908166	36	TRUE	1	4312
1	237655821	237655984	164	+	ENSP00000519312	ENST00000714022	ENSE00000908167	37	TRUE	1	4312
1	237657944	237658022	79	+	ENSP00000519312	ENST00000714022	ENSE00001611202	38	TRUE	1	4312
1	237659985	237660074	90	+	ENSP00000519312	ENST00000714022	ENSE00000908169	39	TRUE	1	4312
1	237660810	237660947	138	+	ENSP00000519312	ENST00000714022	ENSE00000908170	40	TRUE	1	4312
1	237666512	237666589	78	+	ENSP00000519312	ENST00000714022	ENSE00000908171	41	TRUE	1	4312
1	237667883	237667958	76	+	ENSP00000519312	ENST00000714022	ENSE00000908172	42	TRUE	1	4312
1	237674096	237674219	124	+	ENSP00000519312	ENST00000714022	ENSE00001165528	43	TRUE	1	4312
1	237674731	237674846	116	+	ENSP00000519312	ENST00000714022	ENSE00001165519	44	TRUE	1	4312
1	237678048	237678112	65	+	ENSP00000519312	ENST00000714022	ENSE00001165512	45	TRUE	1	4312
1	237680456	237680577	122	+	ENSP00000519312	ENST00000714022	ENSE00003599358	46	TRUE	1	4312
1	237687455	237687504	50	+	ENSP00000519312	ENST00000714022	ENSE00001631808	47	TRUE	1	4312
1	237698965	237699025	61	+	ENSP00000519312	ENST00000714022	ENSE00003645048	48	TRUE	1	4312
1	237700229	237700467	239	+	ENSP00000519312	ENST00000714022	ENSE00003531557	49	TRUE	1	4312
1	237701978	237702059	82	+	ENSP00000519312	ENST00000714022	ENSE00001165474	50	TRUE	1	4312
1	237705213	237705343	131	+	ENSP00000519312	ENST00000714022	ENSE00001165465	51	TRUE	1	4312
1	237706949	237707269	321	+	ENSP00000519312	ENST00000714022	ENSE00003579451	52	TRUE	1	4312
1	237708858	237709098	241	+	ENSP00000519312	ENST00000714022	ENSE00003533727	53	TRUE	1	4312
1	237709480	237709567	88	+	ENSP00000519312	ENST00000714022	ENSE00003616334	54	TRUE	1	4312
1	237711745	237711837	93	+	ENSP00000519312	ENST00000714022	ENSE00003533550	55	TRUE	1	4312
1	237717198	237717368	171	+	ENSP00000519312	ENST00000714022	ENSE00003607820	56	TRUE	1	4312
1	237718462	237718521	60	+	ENSP00000519312	ENST00000714022	ENSE00003673763	57	TRUE	1	4312
1	237723128	237723262	135	+	ENSP00000519312	ENST00000714022	ENSE00003604153	58	TRUE	1	4312
1	237726273	237726308	36	+	ENSP00000519312	ENST00000714022	ENSE00003686434	59	TRUE	1	4312
1	237727087	237727199	113	+	ENSP00000519312	ENST00000714022	ENSE00003524890	60	TRUE	1	4312
1	237730260	237730356	97	+	ENSP00000519312	ENST00000714022	ENSE00003485861	61	TRUE	1	4312
1	237732046	237732149	104	+	ENSP00000519312	ENST00000714022	ENSE00003517487	62	TRUE	1	4312
1	237733705	237733756	52	+	ENSP00000519312	ENST00000714022	ENSE00003630461	63	TRUE	1	4312
1	237742296	237742349	54	+	ENSP00000519312	ENST00000714022	ENSE00003488686	64	TRUE	1	4312
1	237756288	237756387	100	+	ENSP00000519312	ENST00000714022	ENSE00003545364	65	TRUE	1	4312
1	237757697	237757776	80	+	ENSP00000519312	ENST00000714022	ENSE00003620408	66	TRUE	1	4312
1	237759776	237759852	77	+	ENSP00000519312	ENST00000714022	ENSE00003507227	67	TRUE	1	4312
1	237760955	237761028	74	+	ENSP00000519312	ENST00000714022	ENSE00003509423	68	TRUE	1	4312
1	237770807	237770887	81	+	ENSP00000519312	ENST00000714022	ENSE00003475557	69	TRUE	1	4312
1	237772012	237772100	89	+	ENSP00000519312	ENST00000714022	ENSE00003524981	70	TRUE	1	4312
1	237773520	237773648	129	+	ENSP00000519312	ENST00000714022	ENSE00003612583	71	TRUE	1	4312
1	237778666	237778770	105	+	ENSP00000519312	ENST00000714022	ENSE00003582754	72	TRUE	1	4312
1	237781565	237781646	82	+	ENSP00000519312	ENST00000714022	ENSE00003674190	73	TRUE	1	4312
1	237783675	237784972	1298	+	ENSP00000519312	ENST00000714022	ENSE00001329360	74	TRUE	1	4312
1	237785969	237786036	68	+	ENSP00000519312	ENST00000714022	ENSE00001165752	75	TRUE	1	4312
1	237787988	237788135	148	+	ENSP00000519312	ENST00000714022	ENSE00000908206	76	TRUE	1	4312
1	237791429	237791515	87	+	ENSP00000519312	ENST00000714022	ENSE00001308608	77	TRUE	1	4312
1	237792105	237792323	219	+	ENSP00000519312	ENST00000714022	ENSE00003518284	78	TRUE	1	4312
1	237793867	237793997	131	+	ENSP00000519312	ENST00000714022	ENSE00000908209	79	TRUE	1	4312
1	237795289	237795331	43	+	ENSP00000519312	ENST00000714022	ENSE00002242722	80	TRUE	1	4312
1	237798037	237798170	134	+	ENSP00000519312	ENST00000714022	ENSE00000908211	81	TRUE	1	4312
1	237801856	237801916	61	+	ENSP00000519312	ENST00000714022	ENSE00000908212	82	TRUE	1	4312
1	237806137	237806283	147	+	ENSP00000519312	ENST00000714022	ENSE00001604858	83	TRUE	1	4312
1	237808901	237809035	135	+	ENSP00000519312	ENST00000714022	ENSE00000908214	84	TRUE	1	4312
1	237819036	237819192	157	+	ENSP00000519312	ENST00000714022	ENSE00000908215	85	TRUE	1	4312
1	237828381	237828445	65	+	ENSP00000519312	ENST00000714022	ENSE00000908216	86	TRUE	1	4312
1	237830530	237830630	101	+	ENSP00000519312	ENST00000714022	ENSE00000908217	87	TRUE	1	4312
1	237831514	237831565	52	+	ENSP00000519312	ENST00000714022	ENSE00003557444	88	TRUE	1	4312
1	237832552	237832644	93	+	ENSP00000519312	ENST00000714022	ENSE00001422468	89	TRUE	1	4312
1	237042522	237042569	48	+	LRG_402p1	LRG_402t1	LRG_402t1e1	1	TRUE	1	4967
1	237270497	237270616	120	+	LRG_402p1	LRG_402t1	LRG_402t1e2	2	TRUE	1	4967
1	237330878	237330982	105	+	LRG_402p1	LRG_402t1	LRG_402t1e3	3	TRUE	1	4967
1	237355965	237355985	21	+	LRG_402p1	LRG_402t1	LRG_402t1e4	4	TRUE	1	4967
1	237364358	237364372	15	+	LRG_402p1	LRG_402t1	LRG_402t1e5	5	TRUE	1	4967
1	237369534	237369608	75	+	LRG_402p1	LRG_402t1	LRG_402t1e6	6	TRUE	1	4967
1	237374717	237374795	79	+	LRG_402p1	LRG_402t1	LRG_402t1e7	7	TRUE	1	4967
1	237377323	237377435	113	+	LRG_402p1	LRG_402t1	LRG_402t1e8	8	TRUE	1	4967
1	237387281	237387380	100	+	LRG_402p1	LRG_402t1	LRG_402t1e9	9	TRUE	1	4967
1	237388087	237388183	97	+	LRG_402p1	LRG_402t1	LRG_402t1e10	10	TRUE	1	4967
1	237417049	237417123	75	+	LRG_402p1	LRG_402t1	LRG_402t1e11	11	TRUE	1	4967
1	237423092	237423248	157	+	LRG_402p1	LRG_402t1	LRG_402t1e12	12	TRUE	1	4967
1	237441319	237441483	165	+	LRG_402p1	LRG_402t1	LRG_402t1e13	13	TRUE	1	4967
1	237445401	237445522	122	+	LRG_402p1	LRG_402t1	LRG_402t1e14	14	TRUE	1	4967
1	237454391	237454574	184	+	LRG_402p1	LRG_402t1	LRG_402t1e15	15	TRUE	1	4967
1	237456600	237456735	136	+	LRG_402p1	LRG_402t1	LRG_402t1e16	16	TRUE	1	4967
1	237469092	237469187	96	+	LRG_402p1	LRG_402t1	LRG_402t1e17	17	TRUE	1	4967
1	237491806	237491924	119	+	LRG_402p1	LRG_402t1	LRG_402t1e18	18	TRUE	1	4967
1	237492954	237493087	134	+	LRG_402p1	LRG_402t1	LRG_402t1e19	19	TRUE	1	4967
1	237496511	237496752	242	+	LRG_402p1	LRG_402t1	LRG_402t1e20	20	TRUE	1	4967
1	237500711	237500903	193	+	LRG_402p1	LRG_402t1	LRG_402t1e21	21	TRUE	1	4967
1	237503289	237503505	217	+	LRG_402p1	LRG_402t1	LRG_402t1e22	22	TRUE	1	4967
1	237506710	237506814	105	+	LRG_402p1	LRG_402t1	LRG_402t1e23	23	TRUE	1	4967
1	237511688	237511791	104	+	LRG_402p1	LRG_402t1	LRG_402t1e24	24	TRUE	1	4967
1	237530427	237530510	84	+	LRG_402p1	LRG_402t1	LRG_402t1e25	25	TRUE	1	4967
1	237548431	237548590	160	+	LRG_402p1	LRG_402t1	LRG_402t1e26	26	TRUE	1	4967
1	237550544	237550691	148	+	LRG_402p1	LRG_402t1	LRG_402t1e27	27	TRUE	1	4967
1	237566567	237566775	209	+	LRG_402p1	LRG_402t1	LRG_402t1e28	28	TRUE	1	4967
1	237569145	237569319	175	+	LRG_402p1	LRG_402t1	LRG_402t1e29	29	TRUE	1	4967
1	237589793	237590001	209	+	LRG_402p1	LRG_402t1	LRG_402t1e30	30	TRUE	1	4967
1	237590640	237590992	353	+	LRG_402p1	LRG_402t1	LRG_402t1e31	31	TRUE	1	4967
1	237591739	237591853	115	+	LRG_402p1	LRG_402t1	LRG_402t1e32	32	TRUE	1	4967
1	237593476	237593636	161	+	LRG_402p1	LRG_402t1	LRG_402t1e33	33	TRUE	1	4967
1	237595498	237595657	160	+	LRG_402p1	LRG_402t1	LRG_402t1e34	34	TRUE	1	4967
1	237602025	237602111	87	+	LRG_402p1	LRG_402t1	LRG_402t1e35	35	TRUE	1	4967
1	237610762	237610988	227	+	LRG_402p1	LRG_402t1	LRG_402t1e36	36	TRUE	1	4967
1	237614039	237614843	805	+	LRG_402p1	LRG_402t1	LRG_402t1e37	37	TRUE	1	4967
1	237617286	237617486	201	+	LRG_402p1	LRG_402t1	LRG_402t1e38	38	TRUE	1	4967
1	237623765	237623870	106	+	LRG_402p1	LRG_402t1	LRG_402t1e39	39	TRUE	1	4967
1	237625661	237625804	144	+	LRG_402p1	LRG_402t1	LRG_402t1e40	40	TRUE	1	4967
1	237627807	237628080	274	+	LRG_402p1	LRG_402t1	LRG_402t1e41	41	TRUE	1	4967
1	237631427	237631541	115	+	LRG_402p1	LRG_402t1	LRG_402t1e42	42	TRUE	1	4967
1	237633578	237633710	133	+	LRG_402p1	LRG_402t1	LRG_402t1e43	43	TRUE	1	4967
1	237634889	237634992	104	+	LRG_402p1	LRG_402t1	LRG_402t1e44	44	TRUE	1	4967
1	237638357	237638492	136	+	LRG_402p1	LRG_402t1	LRG_402t1e45	45	TRUE	1	4967
1	237639015	237639201	187	+	LRG_402p1	LRG_402t1	LRG_402t1e46	46	TRUE	1	4967
1	237640897	237641002	106	+	LRG_402p1	LRG_402t1	LRG_402t1e47	47	TRUE	1	4967
1	237643327	237643447	121	+	LRG_402p1	LRG_402t1	LRG_402t1e48	48	TRUE	1	4967
1	237648444	237648613	170	+	LRG_402p1	LRG_402t1	LRG_402t1e49	49	TRUE	1	4967
1	237649877	237650097	221	+	LRG_402p1	LRG_402t1	LRG_402t1e50	50	TRUE	1	4967
1	237651411	237651501	91	+	LRG_402p1	LRG_402t1	LRG_402t1e51	51	TRUE	1	4967
1	237654274	237654414	141	+	LRG_402p1	LRG_402t1	LRG_402t1e52	52	TRUE	1	4967
1	237655821	237655984	164	+	LRG_402p1	LRG_402t1	LRG_402t1e53	53	TRUE	1	4967
1	237657944	237658022	79	+	LRG_402p1	LRG_402t1	LRG_402t1e54	54	TRUE	1	4967
1	237659985	237660074	90	+	LRG_402p1	LRG_402t1	LRG_402t1e55	55	TRUE	1	4967
1	237660810	237660947	138	+	LRG_402p1	LRG_402t1	LRG_402t1e56	56	TRUE	1	4967
1	237666512	237666589	78	+	LRG_402p1	LRG_402t1	LRG_402t1e57	57	TRUE	1	4967
1	237667883	237667958	76	+	LRG_402p1	LRG_402t1	LRG_402t1e58	58	TRUE	1	4967
1	237674096	237674219	124	+	LRG_402p1	LRG_402t1	LRG_402t1e59	59	TRUE	1	4967
1	237674731	237674846	116	+	LRG_402p1	LRG_402t1	LRG_402t1e60	60	TRUE	1	4967
1	237678048	237678112	65	+	LRG_402p1	LRG_402t1	LRG_402t1e61	61	TRUE	1	4967
1	237680456	237680577	122	+	LRG_402p1	LRG_402t1	LRG_402t1e62	62	TRUE	1	4967
1	237687455	237687504	50	+	LRG_402p1	LRG_402t1	LRG_402t1e63	63	TRUE	1	4967
1	237698965	237699025	61	+	LRG_402p1	LRG_402t1	LRG_402t1e64	64	TRUE	1	4967
1	237700229	237700467	239	+	LRG_402p1	LRG_402t1	LRG_402t1e65	65	TRUE	1	4967
1	237701978	237702059	82	+	LRG_402p1	LRG_402t1	LRG_402t1e66	66	TRUE	1	4967
1	237705213	237705343	131	+	LRG_402p1	LRG_402t1	LRG_402t1e67	67	TRUE	1	4967
1	237706949	237707269	321	+	LRG_402p1	LRG_402t1	LRG_402t1e68	68	TRUE	1	4967
1	237708858	237709098	241	+	LRG_402p1	LRG_402t1	LRG_402t1e69	69	TRUE	1	4967
1	237709480	237709567	88	+	LRG_402p1	LRG_402t1	LRG_402t1e70	70	TRUE	1	4967
1	237711745	237711837	93	+	LRG_402p1	LRG_402t1	LRG_402t1e71	71	TRUE	1	4967
1	237717198	237717368	171	+	LRG_402p1	LRG_402t1	LRG_402t1e72	72	TRUE	1	4967
1	237718462	237718521	60	+	LRG_402p1	LRG_402t1	LRG_402t1e73	73	TRUE	1	4967
1	237723128	237723262	135	+	LRG_402p1	LRG_402t1	LRG_402t1e74	74	TRUE	1	4967
1	237726273	237726308	36	+	LRG_402p1	LRG_402t1	LRG_402t1e75	75	TRUE	1	4967
1	237727087	237727199	113	+	LRG_402p1	LRG_402t1	LRG_402t1e76	76	TRUE	1	4967
1	237730260	237730356	97	+	LRG_402p1	LRG_402t1	LRG_402t1e77	77	TRUE	1	4967
1	237732046	237732149	104	+	LRG_402p1	LRG_402t1	LRG_402t1e78	78	TRUE	1	4967
1	237733705	237733756	52	+	LRG_402p1	LRG_402t1	LRG_402t1e79	79	TRUE	1	4967
1	237742296	237742349	54	+	LRG_402p1	LRG_402t1	LRG_402t1e80	80	TRUE	1	4967
1	237756288	237756387	100	+	LRG_402p1	LRG_402t1	LRG_402t1e81	81	TRUE	1	4967
1	237757697	237757776	80	+	LRG_402p1	LRG_402t1	LRG_402t1e82	82	TRUE	1	4967
1	237759776	237759852	77	+	LRG_402p1	LRG_402t1	LRG_402t1e83	83	TRUE	1	4967
1	237760955	237761028	74	+	LRG_402p1	LRG_402t1	LRG_402t1e84	84	TRUE	1	4967
1	237770807	237770887	81	+	LRG_402p1	LRG_402t1	LRG_402t1e85	85	TRUE	1	4967
1	237772012	237772100	89	+	LRG_402p1	LRG_402t1	LRG_402t1e86	86	TRUE	1	4967
1	237773520	237773648	129	+	LRG_402p1	LRG_402t1	LRG_402t1e87	87	TRUE	1	4967
1	237778666	237778770	105	+	LRG_402p1	LRG_402t1	LRG_402t1e88	88	TRUE	1	4967
1	237781565	237781646	82	+	LRG_402p1	LRG_402t1	LRG_402t1e89	89	TRUE	1	4967
1	237783675	237784972	1298	+	LRG_402p1	LRG_402t1	LRG_402t1e90	90	TRUE	1	4967
1	237785969	237786036	68	+	LRG_402p1	LRG_402t1	LRG_402t1e91	91	TRUE	1	4967
1	237787988	237788135	148	+	LRG_402p1	LRG_402t1	LRG_402t1e92	92	TRUE	1	4967
1	237791429	237791515	87	+	LRG_402p1	LRG_402t1	LRG_402t1e93	93	TRUE	1	4967
1	237792105	237792323	219	+	LRG_402p1	LRG_402t1	LRG_402t1e94	94	TRUE	1	4967
1	237793867	237793997	131	+	LRG_402p1	LRG_402t1	LRG_402t1e95	95	TRUE	1	4967
1	237795289	237795331	43	+	LRG_402p1	LRG_402t1	LRG_402t1e96	96	TRUE	1	4967
1	237798037	237798170	134	+	LRG_402p1	LRG_402t1	LRG_402t1e97	97	TRUE	1	4967
1	237801856	237801916	61	+	LRG_402p1	LRG_402t1	LRG_402t1e98	98	TRUE	1	4967
1	237806137	237806283	147	+	LRG_402p1	LRG_402t1	LRG_402t1e99	99	TRUE	1	4967
1	237808901	237809035	135	+	LRG_402p1	LRG_402t1	LRG_402t1e100	100	TRUE	1	4967
1	237819036	237819192	157	+	LRG_402p1	LRG_402t1	LRG_402t1e101	101	TRUE	1	4967
1	237828381	237828445	65	+	LRG_402p1	LRG_402t1	LRG_402t1e102	102	TRUE	1	4967
1	237830530	237830630	101	+	LRG_402p1	LRG_402t1	LRG_402t1e103	103	TRUE	1	4967
1	237831514	237831565	52	+	LRG_402p1	LRG_402t1	LRG_402t1e104	104	TRUE	1	4967
1	237832552	237832644	93	+	LRG_402p1	LRG_402t1	LRG_402t1e105	105	TRUE	1	4967
